fly_version,cmd_set,cmd_id,declared_name,raw_value,handler_class,constructor_args,source_path,line_number,is_sentinel,curated
1.21.10,0,1,GetVersion,1,,[],.scratch/dji-fly-fc-audit-20260903/v1.21.10/jadx/sources/uav/midware/data/config/P3/CmdSet.java,222,0,0
1.21.10,0,5,SetMultiParam,5,,[],.scratch/dji-fly-fc-audit-20260903/v1.21.10/jadx/sources/uav/midware/data/config/P3/CmdSet.java,223,0,0
1.21.10,0,7,RequestUpgrade,7,,[],.scratch/dji-fly-fc-audit-20260903/v1.21.10/jadx/sources/uav/midware/data/config/P3/CmdSet.java,224,0,0
1.21.10,0,8,RequestReceiveData,8,,[],.scratch/dji-fly-fc-audit-20260903/v1.21.10/jadx/sources/uav/midware/data/config/P3/CmdSet.java,225,0,0
1.21.10,0,9,TranslateData,9,,[],.scratch/dji-fly-fc-audit-20260903/v1.21.10/jadx/sources/uav/midware/data/config/P3/CmdSet.java,226,0,0
1.21.10,0,10,TranslateComplete,10,,[],.scratch/dji-fly-fc-audit-20260903/v1.21.10/jadx/sources/uav/midware/data/config/P3/CmdSet.java,227,0,0
1.21.10,0,11,RestartDevice,11,,[],.scratch/dji-fly-fc-audit-20260903/v1.21.10/jadx/sources/uav/midware/data/config/P3/CmdSet.java,228,0,0
1.21.10,0,12,GetDeviceStatus,12,,[],.scratch/dji-fly-fc-audit-20260903/v1.21.10/jadx/sources/uav/midware/data/config/P3/CmdSet.java,229,0,0
1.21.10,0,14,HeartBeat,14,DataHeartBeat,"[""false"",""DataHeartBeat.class""]",.scratch/dji-fly-fc-audit-20260903/v1.21.10/jadx/sources/uav/midware/data/config/P3/CmdSet.java,230,0,0
1.21.10,0,15,UpgradeSelfRequest,15,DataUpgradeSelfRequest,"[""false"",""DataUpgradeSelfRequest.class""]",.scratch/dji-fly-fc-audit-20260903/v1.21.10/jadx/sources/uav/midware/data/config/P3/CmdSet.java,231,0,0
1.21.10,0,240,GetPushLog,240,,"[""false"",""null""]",.scratch/dji-fly-fc-audit-20260903/v1.21.10/jadx/sources/uav/midware/data/config/P3/CmdSet.java,232,0,0
1.21.10,0,34,RequestSendFiles,34,,[],.scratch/dji-fly-fc-audit-20260903/v1.21.10/jadx/sources/uav/midware/data/config/P3/CmdSet.java,233,0,0
1.21.10,0,35,AckReceiveFiles,35,,"[""false"",""null""]",.scratch/dji-fly-fc-audit-20260903/v1.21.10/jadx/sources/uav/midware/data/config/P3/CmdSet.java,234,0,0
1.21.10,0,36,GetPushFiles,36,DataCameraGetPushFiles,"[""false"",""DataCameraGetPushFiles.class""]",.scratch/dji-fly-fc-audit-20260903/v1.21.10/jadx/sources/uav/midware/data/config/P3/CmdSet.java,235,0,0
1.21.10,0,37,SetResendFiles,37,,[],.scratch/dji-fly-fc-audit-20260903/v1.21.10/jadx/sources/uav/midware/data/config/P3/CmdSet.java,236,0,0
1.21.10,0,38,RequestFile,38,,[],.scratch/dji-fly-fc-audit-20260903/v1.21.10/jadx/sources/uav/midware/data/config/P3/CmdSet.java,237,0,0
1.21.10,0,39,GetPushFile,39,DataCameraGetPushFile,"[""false"",""DataCameraGetPushFile.class"",""(DataBase) DataCameraGetPushFile.getInstance()""]",.scratch/dji-fly-fc-audit-20260903/v1.21.10/jadx/sources/uav/midware/data/config/P3/CmdSet.java,238,0,0
1.21.10,0,40,DeleteFile,40,DataCameraDeleteFile,"[""false"",""true"",""DataCameraDeleteFile.class""]",.scratch/dji-fly-fc-audit-20260903/v1.21.10/jadx/sources/uav/midware/data/config/P3/CmdSet.java,239,0,0
1.21.10,0,42,TransferFile,42,DataCommonTransferFileData,"[""false"",""true"",""DataCommonTransferFileData.class""]",.scratch/dji-fly-fc-audit-20260903/v1.21.10/jadx/sources/uav/midware/data/config/P3/CmdSet.java,240,0,0
1.21.10,0,50,ActiveStatus,50,,"[""false"",""true"",""(Class) null""]",.scratch/dji-fly-fc-audit-20260903/v1.21.10/jadx/sources/uav/midware/data/config/P3/CmdSet.java,241,0,0
1.21.10,0,52,LockLicense,52,,[],.scratch/dji-fly-fc-audit-20260903/v1.21.10/jadx/sources/uav/midware/data/config/P3/CmdSet.java,242,0,0
1.21.10,0,64,GetPushRequestUpgrade,64,,"[""false"",""null""]",.scratch/dji-fly-fc-audit-20260903/v1.21.10/jadx/sources/uav/midware/data/config/P3/CmdSet.java,243,0,0
1.21.10,0,65,ControlUpgrade,65,,[],.scratch/dji-fly-fc-audit-20260903/v1.21.10/jadx/sources/uav/midware/data/config/P3/CmdSet.java,244,0,0
1.21.10,0,66,GetPushUpgradeStatus,66,DataCommonGetPushUpgradeStatus,"[""false"",""DataCommonGetPushUpgradeStatus.class""]",.scratch/dji-fly-fc-audit-20260903/v1.21.10/jadx/sources/uav/midware/data/config/P3/CmdSet.java,245,0,0
1.21.10,0,67,AckUpgradeStop,67,,"[""false"",""null""]",.scratch/dji-fly-fc-audit-20260903/v1.21.10/jadx/sources/uav/midware/data/config/P3/CmdSet.java,246,0,0
1.21.10,0,82,GetPushAppGpsConfig,82,DataCommonGetPushAppGpsConfig,"[""false"",""DataCommonGetPushAppGpsConfig.class""]",.scratch/dji-fly-fc-audit-20260903/v1.21.10/jadx/sources/uav/midware/data/config/P3/CmdSet.java,247,0,0
1.21.10,0,83,SetAppGpsCyclic,83,,[],.scratch/dji-fly-fc-audit-20260903/v1.21.10/jadx/sources/uav/midware/data/config/P3/CmdSet.java,248,0,0
1.21.10,0,90,SetGetTipsAudio,90,,[],.scratch/dji-fly-fc-audit-20260903/v1.21.10/jadx/sources/uav/midware/data/config/P3/CmdSet.java,249,0,0
1.21.10,0,71,NotifyDisconnect,71,DataNotifyDisconnect,"[""false"",""DataNotifyDisconnect.class""]",.scratch/dji-fly-fc-audit-20260903/v1.21.10/jadx/sources/uav/midware/data/config/P3/CmdSet.java,250,0,0
1.21.10,0,74,SetDate,74,,[],.scratch/dji-fly-fc-audit-20260903/v1.21.10/jadx/sources/uav/midware/data/config/P3/CmdSet.java,251,0,0
1.21.10,0,79,GetCfgFile,79,,[],.scratch/dji-fly-fc-audit-20260903/v1.21.10/jadx/sources/uav/midware/data/config/P3/CmdSet.java,252,0,0
1.21.10,0,81,GetSerialNum,81,,[],.scratch/dji-fly-fc-audit-20260903/v1.21.10/jadx/sources/uav/midware/data/config/P3/CmdSet.java,253,0,0
1.21.10,0,97,SetNewestVersions,97,,[],.scratch/dji-fly-fc-audit-20260903/v1.21.10/jadx/sources/uav/midware/data/config/P3/CmdSet.java,254,0,0
1.21.10,0,112,CameraDebugCmd,112,,[],.scratch/dji-fly-fc-audit-20260903/v1.21.10/jadx/sources/uav/midware/data/config/P3/CmdSet.java,255,0,0
1.21.10,0,116,DataLocker,116,DataCommonDataLockerCommonRequest,"[""false"",""true"",""DataCommonDataLockerCommonRequest.class""]",.scratch/dji-fly-fc-audit-20260903/v1.21.10/jadx/sources/uav/midware/data/config/P3/CmdSet.java,256,0,0
1.21.10,0,118,FW_Analytics,118,DataCommonPushFwAnalytics,"[""false"",""true"",""DataCommonPushFwAnalytics.class""]",.scratch/dji-fly-fc-audit-20260903/v1.21.10/jadx/sources/uav/midware/data/config/P3/CmdSet.java,257,0,0
1.21.10,0,204,CmdNeedEncrypt,204,,[],.scratch/dji-fly-fc-audit-20260903/v1.21.10/jadx/sources/uav/midware/data/config/P3/CmdSet.java,258,0,0
1.21.10,0,241,GetPushCheckStatus,TbsListener.ErrorCode.TPATCH_BACKUP_NOT_VALID,,"[""false"",""null""]",.scratch/dji-fly-fc-audit-20260903/v1.21.10/jadx/sources/uav/midware/data/config/P3/CmdSet.java,259,0,0
1.21.10,0,244,SetStartModuleChecking,IjkMediaMeta.FF_PROFILE_H264_HIGH_444_PREDICTIVE,DataCommonSetStartModuleChecking,"[""false"",""true"",""DataCommonSetStartModuleChecking.class""]",.scratch/dji-fly-fc-audit-20260903/v1.21.10/jadx/sources/uav/midware/data/config/P3/CmdSet.java,260,0,0
1.21.10,0,249,SetTestJIRAKeyPoint,249,,[],.scratch/dji-fly-fc-audit-20260903/v1.21.10/jadx/sources/uav/midware/data/config/P3/CmdSet.java,261,0,0
1.21.10,0,251,GetPushCheckStatusV2,251,,"[""false"",""null""]",.scratch/dji-fly-fc-audit-20260903/v1.21.10/jadx/sources/uav/midware/data/config/P3/CmdSet.java,262,0,0
1.21.10,0,254,CustomizedCommand,254,,[],.scratch/dji-fly-fc-audit-20260903/v1.21.10/jadx/sources/uav/midware/data/config/P3/CmdSet.java,263,0,0
1.21.10,0,255,GetDeviceInfo,255,,"[""false""]",.scratch/dji-fly-fc-audit-20260903/v1.21.10/jadx/sources/uav/midware/data/config/P3/CmdSet.java,264,0,0
1.21.10,0,511,Other,511,,[],.scratch/dji-fly-fc-audit-20260903/v1.21.10/jadx/sources/uav/midware/data/config/P3/CmdSet.java,265,1,0
1.21.10,1,1,Control,1,DataOldSpecialControl,"[""false"",""DataOldSpecialControl.class""]",.scratch/dji-fly-fc-audit-20260903/v1.21.10/jadx/sources/uav/midware/data/config/P3/CmdSet.java,420,0,0
1.21.10,1,2,JoySitckSetParams,2,,[],.scratch/dji-fly-fc-audit-20260903/v1.21.10/jadx/sources/uav/midware/data/config/P3/CmdSet.java,421,0,0
1.21.10,1,3,NewControl,3,,"[""false"",""true"",""(Class) null""]",.scratch/dji-fly-fc-audit-20260903/v1.21.10/jadx/sources/uav/midware/data/config/P3/CmdSet.java,422,0,0
1.21.10,1,240,LockRcControl,240,,[],.scratch/dji-fly-fc-audit-20260903/v1.21.10/jadx/sources/uav/midware/data/config/P3/CmdSet.java,423,0,0
1.21.10,1,511,Other,511,,[],.scratch/dji-fly-fc-audit-20260903/v1.21.10/jadx/sources/uav/midware/data/config/P3/CmdSet.java,424,1,0
1.21.10,2,1,SetPhoto,1,,[],.scratch/dji-fly-fc-audit-20260903/v1.21.10/jadx/sources/uav/midware/data/config/P3/CmdSet.java,532,0,0
1.21.10,2,2,SetRecord,2,,[],.scratch/dji-fly-fc-audit-20260903/v1.21.10/jadx/sources/uav/midware/data/config/P3/CmdSet.java,533,0,0
1.21.10,2,3,SetHeart,3,,[],.scratch/dji-fly-fc-audit-20260903/v1.21.10/jadx/sources/uav/midware/data/config/P3/CmdSet.java,534,0,0
1.21.10,2,5,VirtualKey,5,,[],.scratch/dji-fly-fc-audit-20260903/v1.21.10/jadx/sources/uav/midware/data/config/P3/CmdSet.java,535,0,0
1.21.10,2,4,SwitchUSB,4,,[],.scratch/dji-fly-fc-audit-20260903/v1.21.10/jadx/sources/uav/midware/data/config/P3/CmdSet.java,536,0,0
1.21.10,2,6,GetUSB,6,,[],.scratch/dji-fly-fc-audit-20260903/v1.21.10/jadx/sources/uav/midware/data/config/P3/CmdSet.java,537,0,0
1.21.10,2,16,SetMode,16,,[],.scratch/dji-fly-fc-audit-20260903/v1.21.10/jadx/sources/uav/midware/data/config/P3/CmdSet.java,538,0,0
1.21.10,2,17,GetMode,17,,[],.scratch/dji-fly-fc-audit-20260903/v1.21.10/jadx/sources/uav/midware/data/config/P3/CmdSet.java,539,0,0
1.21.10,2,18,SetImageSize,18,,[],.scratch/dji-fly-fc-audit-20260903/v1.21.10/jadx/sources/uav/midware/data/config/P3/CmdSet.java,540,0,0
1.21.10,2,19,GetImageSize,19,,[],.scratch/dji-fly-fc-audit-20260903/v1.21.10/jadx/sources/uav/midware/data/config/P3/CmdSet.java,541,0,0
1.21.10,2,20,SetImageQuality,20,,[],.scratch/dji-fly-fc-audit-20260903/v1.21.10/jadx/sources/uav/midware/data/config/P3/CmdSet.java,542,0,0
1.21.10,2,21,GetImageQuality,21,,[],.scratch/dji-fly-fc-audit-20260903/v1.21.10/jadx/sources/uav/midware/data/config/P3/CmdSet.java,543,0,0
1.21.10,2,22,SetImageFormat,22,,[],.scratch/dji-fly-fc-audit-20260903/v1.21.10/jadx/sources/uav/midware/data/config/P3/CmdSet.java,544,0,0
1.21.10,2,23,GetImageFormat,23,,[],.scratch/dji-fly-fc-audit-20260903/v1.21.10/jadx/sources/uav/midware/data/config/P3/CmdSet.java,545,0,0
1.21.10,2,24,SetVideoFormat,24,,[],.scratch/dji-fly-fc-audit-20260903/v1.21.10/jadx/sources/uav/midware/data/config/P3/CmdSet.java,546,0,0
1.21.10,2,25,GetVideoFormat,25,,[],.scratch/dji-fly-fc-audit-20260903/v1.21.10/jadx/sources/uav/midware/data/config/P3/CmdSet.java,547,0,0
1.21.10,2,26,SetVideoQuality,26,,[],.scratch/dji-fly-fc-audit-20260903/v1.21.10/jadx/sources/uav/midware/data/config/P3/CmdSet.java,548,0,0
1.21.10,2,27,GetVideoQuality,27,,[],.scratch/dji-fly-fc-audit-20260903/v1.21.10/jadx/sources/uav/midware/data/config/P3/CmdSet.java,549,0,0
1.21.10,2,28,SetVideoStoreFormat,28,,[],.scratch/dji-fly-fc-audit-20260903/v1.21.10/jadx/sources/uav/midware/data/config/P3/CmdSet.java,550,0,0
1.21.10,2,29,GetVideoStoreFormat,29,,[],.scratch/dji-fly-fc-audit-20260903/v1.21.10/jadx/sources/uav/midware/data/config/P3/CmdSet.java,551,0,0
1.21.10,2,30,SetExposureMode,30,,[],.scratch/dji-fly-fc-audit-20260903/v1.21.10/jadx/sources/uav/midware/data/config/P3/CmdSet.java,552,0,0
1.21.10,2,31,GetExposureMode,31,,[],.scratch/dji-fly-fc-audit-20260903/v1.21.10/jadx/sources/uav/midware/data/config/P3/CmdSet.java,553,0,0
1.21.10,2,32,SetSceneMode,32,,[],.scratch/dji-fly-fc-audit-20260903/v1.21.10/jadx/sources/uav/midware/data/config/P3/CmdSet.java,554,0,0
1.21.10,2,33,GetSceneMode,33,,[],.scratch/dji-fly-fc-audit-20260903/v1.21.10/jadx/sources/uav/midware/data/config/P3/CmdSet.java,555,0,0
1.21.10,2,34,SetMetering,34,,[],.scratch/dji-fly-fc-audit-20260903/v1.21.10/jadx/sources/uav/midware/data/config/P3/CmdSet.java,556,0,0
1.21.10,2,35,GetMetering,35,,[],.scratch/dji-fly-fc-audit-20260903/v1.21.10/jadx/sources/uav/midware/data/config/P3/CmdSet.java,557,0,0
1.21.10,2,36,SetFocusMode,36,,[],.scratch/dji-fly-fc-audit-20260903/v1.21.10/jadx/sources/uav/midware/data/config/P3/CmdSet.java,558,0,0
1.21.10,2,37,GetFocusMode,37,,[],.scratch/dji-fly-fc-audit-20260903/v1.21.10/jadx/sources/uav/midware/data/config/P3/CmdSet.java,559,0,0
1.21.10,2,38,SetAperture,38,,[],.scratch/dji-fly-fc-audit-20260903/v1.21.10/jadx/sources/uav/midware/data/config/P3/CmdSet.java,560,0,0
1.21.10,2,39,GetAperture,39,,[],.scratch/dji-fly-fc-audit-20260903/v1.21.10/jadx/sources/uav/midware/data/config/P3/CmdSet.java,561,0,0
1.21.10,2,40,SetShutterSpeed,40,,[],.scratch/dji-fly-fc-audit-20260903/v1.21.10/jadx/sources/uav/midware/data/config/P3/CmdSet.java,562,0,0
1.21.10,2,41,GetShutterSpeed,41,,[],.scratch/dji-fly-fc-audit-20260903/v1.21.10/jadx/sources/uav/midware/data/config/P3/CmdSet.java,563,0,0
1.21.10,2,42,SetIso,42,,[],.scratch/dji-fly-fc-audit-20260903/v1.21.10/jadx/sources/uav/midware/data/config/P3/CmdSet.java,564,0,0
1.21.10,2,43,GetIso,43,,[],.scratch/dji-fly-fc-audit-20260903/v1.21.10/jadx/sources/uav/midware/data/config/P3/CmdSet.java,565,0,0
1.21.10,2,44,SetWhiteBalance,44,,[],.scratch/dji-fly-fc-audit-20260903/v1.21.10/jadx/sources/uav/midware/data/config/P3/CmdSet.java,566,0,0
1.21.10,2,45,GetWhiteBalance,45,,[],.scratch/dji-fly-fc-audit-20260903/v1.21.10/jadx/sources/uav/midware/data/config/P3/CmdSet.java,567,0,0
1.21.10,2,46,SetExposureCompensation,46,,[],.scratch/dji-fly-fc-audit-20260903/v1.21.10/jadx/sources/uav/midware/data/config/P3/CmdSet.java,568,0,0
1.21.10,2,47,GetExposureCompensation,47,,[],.scratch/dji-fly-fc-audit-20260903/v1.21.10/jadx/sources/uav/midware/data/config/P3/CmdSet.java,569,0,0
1.21.10,2,48,SetFocusArea,48,,[],.scratch/dji-fly-fc-audit-20260903/v1.21.10/jadx/sources/uav/midware/data/config/P3/CmdSet.java,570,0,0
1.21.10,2,50,SetMeteringArea,50,,[],.scratch/dji-fly-fc-audit-20260903/v1.21.10/jadx/sources/uav/midware/data/config/P3/CmdSet.java,571,0,0
1.21.10,2,51,GetMeteringArea,51,,[],.scratch/dji-fly-fc-audit-20260903/v1.21.10/jadx/sources/uav/midware/data/config/P3/CmdSet.java,572,0,0
1.21.10,2,52,SetFocusParam,52,,[],.scratch/dji-fly-fc-audit-20260903/v1.21.10/jadx/sources/uav/midware/data/config/P3/CmdSet.java,573,0,0
1.21.10,2,56,SetSharpe,56,,[],.scratch/dji-fly-fc-audit-20260903/v1.21.10/jadx/sources/uav/midware/data/config/P3/CmdSet.java,574,0,0
1.21.10,2,57,GetSharpe,57,,[],.scratch/dji-fly-fc-audit-20260903/v1.21.10/jadx/sources/uav/midware/data/config/P3/CmdSet.java,575,0,0
1.21.10,2,58,SetContrast,58,,[],.scratch/dji-fly-fc-audit-20260903/v1.21.10/jadx/sources/uav/midware/data/config/P3/CmdSet.java,576,0,0
1.21.10,2,59,GetContrast,59,,[],.scratch/dji-fly-fc-audit-20260903/v1.21.10/jadx/sources/uav/midware/data/config/P3/CmdSet.java,577,0,0
1.21.10,2,60,SetSaturation,60,,[],.scratch/dji-fly-fc-audit-20260903/v1.21.10/jadx/sources/uav/midware/data/config/P3/CmdSet.java,578,0,0
1.21.10,2,61,GetSaturation,61,,[],.scratch/dji-fly-fc-audit-20260903/v1.21.10/jadx/sources/uav/midware/data/config/P3/CmdSet.java,579,0,0
1.21.10,2,62,SetTonal,62,,[],.scratch/dji-fly-fc-audit-20260903/v1.21.10/jadx/sources/uav/midware/data/config/P3/CmdSet.java,580,0,0
1.21.10,2,63,GetTonal,63,,[],.scratch/dji-fly-fc-audit-20260903/v1.21.10/jadx/sources/uav/midware/data/config/P3/CmdSet.java,581,0,0
1.21.10,2,66,SetDigitalFilter,66,,[],.scratch/dji-fly-fc-audit-20260903/v1.21.10/jadx/sources/uav/midware/data/config/P3/CmdSet.java,582,0,0
1.21.10,2,67,GetDigitalFilter,67,,[],.scratch/dji-fly-fc-audit-20260903/v1.21.10/jadx/sources/uav/midware/data/config/P3/CmdSet.java,583,0,0
1.21.10,2,70,SetAntiFlicker,70,,[],.scratch/dji-fly-fc-audit-20260903/v1.21.10/jadx/sources/uav/midware/data/config/P3/CmdSet.java,584,0,0
1.21.10,2,71,GetAntiFlicker,71,,[],.scratch/dji-fly-fc-audit-20260903/v1.21.10/jadx/sources/uav/midware/data/config/P3/CmdSet.java,585,0,0
1.21.10,2,72,SetContinuous,72,,[],.scratch/dji-fly-fc-audit-20260903/v1.21.10/jadx/sources/uav/midware/data/config/P3/CmdSet.java,586,0,0
1.21.10,2,73,GetContinuous,73,,[],.scratch/dji-fly-fc-audit-20260903/v1.21.10/jadx/sources/uav/midware/data/config/P3/CmdSet.java,587,0,0
1.21.10,2,74,SetTimeParams,74,,[],.scratch/dji-fly-fc-audit-20260903/v1.21.10/jadx/sources/uav/midware/data/config/P3/CmdSet.java,588,0,0
1.21.10,2,75,GetTimeParams,75,,[],.scratch/dji-fly-fc-audit-20260903/v1.21.10/jadx/sources/uav/midware/data/config/P3/CmdSet.java,589,0,0
1.21.10,2,76,SetVOutParams,76,,[],.scratch/dji-fly-fc-audit-20260903/v1.21.10/jadx/sources/uav/midware/data/config/P3/CmdSet.java,590,0,0
1.21.10,2,77,GetVOutParams,77,,[],.scratch/dji-fly-fc-audit-20260903/v1.21.10/jadx/sources/uav/midware/data/config/P3/CmdSet.java,591,0,0
1.21.10,2,78,SetQuickPlayBack,78,,[],.scratch/dji-fly-fc-audit-20260903/v1.21.10/jadx/sources/uav/midware/data/config/P3/CmdSet.java,592,0,0
1.21.10,2,79,GetQuickPlayBack,79,,[],.scratch/dji-fly-fc-audit-20260903/v1.21.10/jadx/sources/uav/midware/data/config/P3/CmdSet.java,593,0,0
1.21.10,2,84,SetDate,84,,[],.scratch/dji-fly-fc-audit-20260903/v1.21.10/jadx/sources/uav/midware/data/config/P3/CmdSet.java,594,0,0
1.21.10,2,94,SetAEBParms,94,,[],.scratch/dji-fly-fc-audit-20260903/v1.21.10/jadx/sources/uav/midware/data/config/P3/CmdSet.java,595,0,0
1.21.10,2,95,GetAEBParams,95,,[],.scratch/dji-fly-fc-audit-20260903/v1.21.10/jadx/sources/uav/midware/data/config/P3/CmdSet.java,596,0,0
1.21.10,2,92,SetFileIndexMode,92,,[],.scratch/dji-fly-fc-audit-20260903/v1.21.10/jadx/sources/uav/midware/data/config/P3/CmdSet.java,597,0,0
1.21.10,2,93,GetFileIndexMode,93,,[],.scratch/dji-fly-fc-audit-20260903/v1.21.10/jadx/sources/uav/midware/data/config/P3/CmdSet.java,598,0,0
1.21.10,2,96,SetPushChart,96,,[],.scratch/dji-fly-fc-audit-20260903/v1.21.10/jadx/sources/uav/midware/data/config/P3/CmdSet.java,599,0,0
1.21.10,2,97,GetPushChart,97,,[],.scratch/dji-fly-fc-audit-20260903/v1.21.10/jadx/sources/uav/midware/data/config/P3/CmdSet.java,600,0,0
1.21.10,2,98,SetVideoCaption,98,,[],.scratch/dji-fly-fc-audit-20260903/v1.21.10/jadx/sources/uav/midware/data/config/P3/CmdSet.java,601,0,0
1.21.10,2,99,GetVideoCaption,99,,[],.scratch/dji-fly-fc-audit-20260903/v1.21.10/jadx/sources/uav/midware/data/config/P3/CmdSet.java,602,0,0
1.21.10,2,102,SetStandard,102,,[],.scratch/dji-fly-fc-audit-20260903/v1.21.10/jadx/sources/uav/midware/data/config/P3/CmdSet.java,603,0,0
1.21.10,2,103,GetStandard,103,,[],.scratch/dji-fly-fc-audit-20260903/v1.21.10/jadx/sources/uav/midware/data/config/P3/CmdSet.java,604,0,0
1.21.10,2,108,SetVideoRecordMode,108,,[],.scratch/dji-fly-fc-audit-20260903/v1.21.10/jadx/sources/uav/midware/data/config/P3/CmdSet.java,605,0,0
1.21.10,2,109,GetVideoRecordMode,109,,[],.scratch/dji-fly-fc-audit-20260903/v1.21.10/jadx/sources/uav/midware/data/config/P3/CmdSet.java,606,0,0
1.21.10,2,110,SetPanoMode,110,,[],.scratch/dji-fly-fc-audit-20260903/v1.21.10/jadx/sources/uav/midware/data/config/P3/CmdSet.java,607,0,0
1.21.10,2,104,SetAELock,104,,[],.scratch/dji-fly-fc-audit-20260903/v1.21.10/jadx/sources/uav/midware/data/config/P3/CmdSet.java,608,0,0
1.21.10,2,105,GetAELock,105,,[],.scratch/dji-fly-fc-audit-20260903/v1.21.10/jadx/sources/uav/midware/data/config/P3/CmdSet.java,609,0,0
1.21.10,2,106,SetPhotoMode,106,,[],.scratch/dji-fly-fc-audit-20260903/v1.21.10/jadx/sources/uav/midware/data/config/P3/CmdSet.java,610,0,0
1.21.10,2,107,GetPhotoMode,107,,[],.scratch/dji-fly-fc-audit-20260903/v1.21.10/jadx/sources/uav/midware/data/config/P3/CmdSet.java,611,0,0
1.21.10,2,112,GetStateInfo,112,,[],.scratch/dji-fly-fc-audit-20260903/v1.21.10/jadx/sources/uav/midware/data/config/P3/CmdSet.java,612,0,0
1.21.10,2,113,GetSDCardParams,113,,[],.scratch/dji-fly-fc-audit-20260903/v1.21.10/jadx/sources/uav/midware/data/config/P3/CmdSet.java,613,0,0
1.21.10,2,114,FormatSDCard,114,,[],.scratch/dji-fly-fc-audit-20260903/v1.21.10/jadx/sources/uav/midware/data/config/P3/CmdSet.java,614,0,0
1.21.10,2,119,SaveParams,119,,[],.scratch/dji-fly-fc-audit-20260903/v1.21.10/jadx/sources/uav/midware/data/config/P3/CmdSet.java,615,0,0
1.21.10,2,120,LoadParams,120,,[],.scratch/dji-fly-fc-audit-20260903/v1.21.10/jadx/sources/uav/midware/data/config/P3/CmdSet.java,616,0,0
1.21.10,2,121,DeletePhoto,121,,[],.scratch/dji-fly-fc-audit-20260903/v1.21.10/jadx/sources/uav/midware/data/config/P3/CmdSet.java,617,0,0
1.21.10,2,122,VideoControl,122,,[],.scratch/dji-fly-fc-audit-20260903/v1.21.10/jadx/sources/uav/midware/data/config/P3/CmdSet.java,618,0,0
1.21.10,2,123,SingleChoice,123,,[],.scratch/dji-fly-fc-audit-20260903/v1.21.10/jadx/sources/uav/midware/data/config/P3/CmdSet.java,619,0,0
1.21.10,2,124,ResponseRc,124,DataCameraGetPushShutterCmd,"[""false"",""DataCameraGetPushShutterCmd.class""]",.scratch/dji-fly-fc-audit-20260903/v1.21.10/jadx/sources/uav/midware/data/config/P3/CmdSet.java,620,0,0
1.21.10,2,125,ScaleGesture,125,,[],.scratch/dji-fly-fc-audit-20260903/v1.21.10/jadx/sources/uav/midware/data/config/P3/CmdSet.java,621,0,0
1.21.10,2,126,DragGesture,126,,[],.scratch/dji-fly-fc-audit-20260903/v1.21.10/jadx/sources/uav/midware/data/config/P3/CmdSet.java,622,0,0
1.21.10,2,128,GetPushStateInfo,128,DataCameraGetPushStateInfo,"[""false"",""DataCameraGetPushStateInfo.class""]",.scratch/dji-fly-fc-audit-20260903/v1.21.10/jadx/sources/uav/midware/data/config/P3/CmdSet.java,623,0,0
1.21.10,2,130,GetPushPlayBackParams,130,DataCameraGetPushPlayBackParams,"[""false"",""DataCameraGetPushPlayBackParams.class""]",.scratch/dji-fly-fc-audit-20260903/v1.21.10/jadx/sources/uav/midware/data/config/P3/CmdSet.java,624,0,0
1.21.10,2,131,GetPushChartParams,131,DataCameraGetPushChartInfo,"[""false"",""DataCameraGetPushChartInfo.class""]",.scratch/dji-fly-fc-audit-20260903/v1.21.10/jadx/sources/uav/midware/data/config/P3/CmdSet.java,625,0,0
1.21.10,2,132,GetPushRecordingName,132,DataCameraGetPushRecordingName,"[""false"",""DataCameraGetPushRecordingName.class""]",.scratch/dji-fly-fc-audit-20260903/v1.21.10/jadx/sources/uav/midware/data/config/P3/CmdSet.java,626,0,0
1.21.10,2,134,GetPushCurPanoFileName,134,DataCameraGetPushCurPanoFileName,"[""false"",""DataCameraGetPushCurPanoFileName.class""]",.scratch/dji-fly-fc-audit-20260903/v1.21.10/jadx/sources/uav/midware/data/config/P3/CmdSet.java,627,0,0
1.21.10,2,136,GetPushTimelapseParms,136,DataCameraGetPushTimelapseParms,"[""false"",""DataCameraGetPushTimelapseParms.class""]",.scratch/dji-fly-fc-audit-20260903/v1.21.10/jadx/sources/uav/midware/data/config/P3/CmdSet.java,628,0,0
1.21.10,2,133,GetPushRawParams,133,DataCameraGetPushRawParams,"[""false"",""DataCameraGetPushRawParams.class""]",.scratch/dji-fly-fc-audit-20260903/v1.21.10/jadx/sources/uav/midware/data/config/P3/CmdSet.java,629,0,0
1.21.10,2,135,GetPushShotInfo,135,DataCameraGetPushShotInfo,"[""false"",""DataCameraGetPushShotInfo.class""]",.scratch/dji-fly-fc-audit-20260903/v1.21.10/jadx/sources/uav/midware/data/config/P3/CmdSet.java,630,0,0
1.21.10,2,137,GetPushTrackingStatus,137,DataCameraGetPushTrackingStatus,"[""false"",""DataCameraGetPushTrackingStatus.class""]",.scratch/dji-fly-fc-audit-20260903/v1.21.10/jadx/sources/uav/midware/data/config/P3/CmdSet.java,631,0,0
1.21.10,2,138,GetPushFovParam,138,DataCameraGetPushFovParam,"[""false"",""DataCameraGetPushFovParam.class""]",.scratch/dji-fly-fc-audit-20260903/v1.21.10/jadx/sources/uav/midware/data/config/P3/CmdSet.java,632,0,0
1.21.10,2,142,ParamsOption,142,,[],.scratch/dji-fly-fc-audit-20260903/v1.21.10/jadx/sources/uav/midware/data/config/P3/CmdSet.java,633,0,0
1.21.10,2,146,GetVideoParams,146,,[],.scratch/dji-fly-fc-audit-20260903/v1.21.10/jadx/sources/uav/midware/data/config/P3/CmdSet.java,634,0,0
1.21.10,2,147,ControlTransCode,147,,[],.scratch/dji-fly-fc-audit-20260903/v1.21.10/jadx/sources/uav/midware/data/config/P3/CmdSet.java,635,0,0
1.21.10,2,149,SetFocusStroke,149,,[],.scratch/dji-fly-fc-audit-20260903/v1.21.10/jadx/sources/uav/midware/data/config/P3/CmdSet.java,636,0,0
1.21.10,2,152,GetFileParams,152,,[],.scratch/dji-fly-fc-audit-20260903/v1.21.10/jadx/sources/uav/midware/data/config/P3/CmdSet.java,637,0,0
1.21.10,2,155,SetVideoContrastEnhance,155,,[],.scratch/dji-fly-fc-audit-20260903/v1.21.10/jadx/sources/uav/midware/data/config/P3/CmdSet.java,638,0,0
1.21.10,2,156,GetVideoContrastEnhance,156,,[],.scratch/dji-fly-fc-audit-20260903/v1.21.10/jadx/sources/uav/midware/data/config/P3/CmdSet.java,639,0,0
1.21.10,2,159,SetAudioParma,159,,[],.scratch/dji-fly-fc-audit-20260903/v1.21.10/jadx/sources/uav/midware/data/config/P3/CmdSet.java,640,0,0
1.21.10,2,160,GetAudioParam,160,,[],.scratch/dji-fly-fc-audit-20260903/v1.21.10/jadx/sources/uav/midware/data/config/P3/CmdSet.java,641,0,0
1.21.10,2,161,FormatSSD,161,,[],.scratch/dji-fly-fc-audit-20260903/v1.21.10/jadx/sources/uav/midware/data/config/P3/CmdSet.java,642,0,0
1.21.10,2,163,SetCalibrationControl,163,,[],.scratch/dji-fly-fc-audit-20260903/v1.21.10/jadx/sources/uav/midware/data/config/P3/CmdSet.java,643,0,0
1.21.10,2,165,GetTrackingParms,165,,[],.scratch/dji-fly-fc-audit-20260903/v1.21.10/jadx/sources/uav/midware/data/config/P3/CmdSet.java,644,0,0
1.21.10,2,166,SetTrackingParms,166,,[],.scratch/dji-fly-fc-audit-20260903/v1.21.10/jadx/sources/uav/midware/data/config/P3/CmdSet.java,645,0,0
1.21.10,2,168,SetAEUnlockMode,168,,[],.scratch/dji-fly-fc-audit-20260903/v1.21.10/jadx/sources/uav/midware/data/config/P3/CmdSet.java,646,0,0
1.21.10,2,169,GetAEUnlockMode,169,,[],.scratch/dji-fly-fc-audit-20260903/v1.21.10/jadx/sources/uav/midware/data/config/P3/CmdSet.java,647,0,0
1.21.10,2,170,GetPanoFileParams,170,,[],.scratch/dji-fly-fc-audit-20260903/v1.21.10/jadx/sources/uav/midware/data/config/P3/CmdSet.java,648,0,0
1.21.10,2,171,SetVideoEncode,171,,[],.scratch/dji-fly-fc-audit-20260903/v1.21.10/jadx/sources/uav/midware/data/config/P3/CmdSet.java,649,0,0
1.21.10,2,172,GetVideoEncode,172,,[],.scratch/dji-fly-fc-audit-20260903/v1.21.10/jadx/sources/uav/midware/data/config/P3/CmdSet.java,650,0,0
1.21.10,2,175,SetSSDVideoFormat,175,,[],.scratch/dji-fly-fc-audit-20260903/v1.21.10/jadx/sources/uav/midware/data/config/P3/CmdSet.java,651,0,0
1.21.10,2,176,GetSSDVideoFormat,176,,[],.scratch/dji-fly-fc-audit-20260903/v1.21.10/jadx/sources/uav/midware/data/config/P3/CmdSet.java,652,0,0
1.21.10,2,181,GetSSensorId,181,,[],.scratch/dji-fly-fc-audit-20260903/v1.21.10/jadx/sources/uav/midware/data/config/P3/CmdSet.java,653,0,0
1.21.10,2,153,GetShotInfo,153,,[],.scratch/dji-fly-fc-audit-20260903/v1.21.10/jadx/sources/uav/midware/data/config/P3/CmdSet.java,654,0,0
1.21.10,2,154,SetFocusAid,154,,[],.scratch/dji-fly-fc-audit-20260903/v1.21.10/jadx/sources/uav/midware/data/config/P3/CmdSet.java,655,0,0
1.21.10,2,157,SetWhiteBalanceArea,157,,[],.scratch/dji-fly-fc-audit-20260903/v1.21.10/jadx/sources/uav/midware/data/config/P3/CmdSet.java,656,0,0
1.21.10,2,158,GetWhiteBalanceArea,158,,[],.scratch/dji-fly-fc-audit-20260903/v1.21.10/jadx/sources/uav/midware/data/config/P3/CmdSet.java,657,0,0
1.21.10,2,161,FormatRawSSD,161,,[],.scratch/dji-fly-fc-audit-20260903/v1.21.10/jadx/sources/uav/midware/data/config/P3/CmdSet.java,658,0,0
1.21.10,2,162,SetFocusDistance,162,,[],.scratch/dji-fly-fc-audit-20260903/v1.21.10/jadx/sources/uav/midware/data/config/P3/CmdSet.java,659,0,0
1.21.10,2,164,SetFocusWindow,164,,[],.scratch/dji-fly-fc-audit-20260903/v1.21.10/jadx/sources/uav/midware/data/config/P3/CmdSet.java,660,0,0
1.21.10,2,167,SetIris,167,,[],.scratch/dji-fly-fc-audit-20260903/v1.21.10/jadx/sources/uav/midware/data/config/P3/CmdSet.java,661,0,0
1.21.10,2,173,SetMCTF,173,,[],.scratch/dji-fly-fc-audit-20260903/v1.21.10/jadx/sources/uav/midware/data/config/P3/CmdSet.java,662,0,0
1.21.10,2,174,GetMCTF,174,,[],.scratch/dji-fly-fc-audit-20260903/v1.21.10/jadx/sources/uav/midware/data/config/P3/CmdSet.java,663,0,0
1.21.10,2,177,SetRecordFan,177,,[],.scratch/dji-fly-fc-audit-20260903/v1.21.10/jadx/sources/uav/midware/data/config/P3/CmdSet.java,664,0,0
1.21.10,2,178,GetRecordFan,178,,[],.scratch/dji-fly-fc-audit-20260903/v1.21.10/jadx/sources/uav/midware/data/config/P3/CmdSet.java,665,0,0
1.21.10,2,179,RequestIFrame,179,,[],.scratch/dji-fly-fc-audit-20260903/v1.21.10/jadx/sources/uav/midware/data/config/P3/CmdSet.java,666,0,0
1.21.10,2,180,GetPushPrepareOpenFan,180,DataCameraGetPushPrepareOpenFan,"[""false"",""DataCameraGetPushPrepareOpenFan.class""]",.scratch/dji-fly-fc-audit-20260903/v1.21.10/jadx/sources/uav/midware/data/config/P3/CmdSet.java,667,0,0
1.21.10,2,182,SetForeArmLed,182,,[],.scratch/dji-fly-fc-audit-20260903/v1.21.10/jadx/sources/uav/midware/data/config/P3/CmdSet.java,668,0,0
1.21.10,2,183,GetForeArmLed,183,,[],.scratch/dji-fly-fc-audit-20260903/v1.21.10/jadx/sources/uav/midware/data/config/P3/CmdSet.java,669,0,0
1.21.10,2,184,SetOpticsZoom,184,DataCameraSetOpticsZoomMode,"[""false"",""true"",""DataCameraSetOpticsZoomMode.class""]",.scratch/dji-fly-fc-audit-20260903/v1.21.10/jadx/sources/uav/midware/data/config/P3/CmdSet.java,670,0,0
1.21.10,2,185,SetCameraRotationMode,185,,[],.scratch/dji-fly-fc-audit-20260903/v1.21.10/jadx/sources/uav/midware/data/config/P3/CmdSet.java,671,0,0
1.21.10,2,186,GetCameraRotationMode,186,,[],.scratch/dji-fly-fc-audit-20260903/v1.21.10/jadx/sources/uav/midware/data/config/P3/CmdSet.java,672,0,0
1.21.10,2,187,SetLockGimbalWhenShot,187,,[],.scratch/dji-fly-fc-audit-20260903/v1.21.10/jadx/sources/uav/midware/data/config/P3/CmdSet.java,673,0,0
1.21.10,2,189,SetRawVideoFormat,189,,[],.scratch/dji-fly-fc-audit-20260903/v1.21.10/jadx/sources/uav/midware/data/config/P3/CmdSet.java,674,0,0
1.21.10,2,190,GetRawVideoFormat,ByteCode.ARRAYLENGTH,,[],.scratch/dji-fly-fc-audit-20260903/v1.21.10/jadx/sources/uav/midware/data/config/P3/CmdSet.java,675,0,0
1.21.10,2,191,SetFileStar,ByteCode.ATHROW,,[],.scratch/dji-fly-fc-audit-20260903/v1.21.10/jadx/sources/uav/midware/data/config/P3/CmdSet.java,676,0,0
1.21.10,2,192,MFDemarcate,192,,[],.scratch/dji-fly-fc-audit-20260903/v1.21.10/jadx/sources/uav/midware/data/config/P3/CmdSet.java,677,0,0
1.21.10,2,193,SetLogMode,193,,[],.scratch/dji-fly-fc-audit-20260903/v1.21.10/jadx/sources/uav/midware/data/config/P3/CmdSet.java,678,0,0
1.21.10,2,194,SetParamName,194,,[],.scratch/dji-fly-fc-audit-20260903/v1.21.10/jadx/sources/uav/midware/data/config/P3/CmdSet.java,679,0,0
1.21.10,2,195,GetParamName,195,,[],.scratch/dji-fly-fc-audit-20260903/v1.21.10/jadx/sources/uav/midware/data/config/P3/CmdSet.java,680,0,0
1.21.10,2,196,SetTapZoom,196,,[],.scratch/dji-fly-fc-audit-20260903/v1.21.10/jadx/sources/uav/midware/data/config/P3/CmdSet.java,681,0,0
1.21.10,2,197,GetTapZoom,197,,[],.scratch/dji-fly-fc-audit-20260903/v1.21.10/jadx/sources/uav/midware/data/config/P3/CmdSet.java,682,0,0
1.21.10,2,198,SetTapZoomTarget,198,,[],.scratch/dji-fly-fc-audit-20260903/v1.21.10/jadx/sources/uav/midware/data/config/P3/CmdSet.java,683,0,0
1.21.10,2,199,GetPushTapZoom,199,DataCameraGetPushTapZoomStateInfo,"[""false"",""DataCameraGetPushTapZoomStateInfo.class""]",.scratch/dji-fly-fc-audit-20260903/v1.21.10/jadx/sources/uav/midware/data/config/P3/CmdSet.java,684,0,0
1.21.10,2,200,SetDefogEnabled,200,,[],.scratch/dji-fly-fc-audit-20260903/v1.21.10/jadx/sources/uav/midware/data/config/P3/CmdSet.java,685,0,0
1.21.10,2,201,GetDefogEnabled,201,,[],.scratch/dji-fly-fc-audit-20260903/v1.21.10/jadx/sources/uav/midware/data/config/P3/CmdSet.java,686,0,0
1.21.10,2,202,SetRawEquipInfo,202,,[],.scratch/dji-fly-fc-audit-20260903/v1.21.10/jadx/sources/uav/midware/data/config/P3/CmdSet.java,687,0,0
1.21.10,2,204,SetSSDRawVideoDigitalFilter,204,,[],.scratch/dji-fly-fc-audit-20260903/v1.21.10/jadx/sources/uav/midware/data/config/P3/CmdSet.java,688,0,0
1.21.10,2,206,GetCalibrationControl,206,,[],.scratch/dji-fly-fc-audit-20260903/v1.21.10/jadx/sources/uav/midware/data/config/P3/CmdSet.java,689,0,0
1.21.10,2,207,SetMechanicalShutter,207,,[],.scratch/dji-fly-fc-audit-20260903/v1.21.10/jadx/sources/uav/midware/data/config/P3/CmdSet.java,690,0,0
1.21.10,2,208,GetMechanicalShutter,208,,[],.scratch/dji-fly-fc-audit-20260903/v1.21.10/jadx/sources/uav/midware/data/config/P3/CmdSet.java,691,0,0
1.21.10,2,209,GetPushDFCInfo,209,DataCameraGetPushDCFInfo,"[""false"",""DataCameraGetPushDCFInfo.class""]",.scratch/dji-fly-fc-audit-20260903/v1.21.10/jadx/sources/uav/midware/data/config/P3/CmdSet.java,692,0,0
1.21.10,2,210,SetDustReductionState,210,,[],.scratch/dji-fly-fc-audit-20260903/v1.21.10/jadx/sources/uav/midware/data/config/P3/CmdSet.java,693,0,0
1.21.10,2,221,SetNDFilter,221,,[],.scratch/dji-fly-fc-audit-20260903/v1.21.10/jadx/sources/uav/midware/data/config/P3/CmdSet.java,694,0,0
1.21.10,2,222,SetRawNewParam,222,,[],.scratch/dji-fly-fc-audit-20260903/v1.21.10/jadx/sources/uav/midware/data/config/P3/CmdSet.java,695,0,0
1.21.10,2,223,GetPushRawNewParam,223,DataCameraGetPushRawNewParam,"[""false"",""DataCameraGetPushRawNewParam.class""]",.scratch/dji-fly-fc-audit-20260903/v1.21.10/jadx/sources/uav/midware/data/config/P3/CmdSet.java,696,0,0
1.21.10,2,224,GetCapabilityRange,224,,[],.scratch/dji-fly-fc-audit-20260903/v1.21.10/jadx/sources/uav/midware/data/config/P3/CmdSet.java,697,0,0
1.21.10,2,226,SetVideoSync,226,,[],.scratch/dji-fly-fc-audit-20260903/v1.21.10/jadx/sources/uav/midware/data/config/P3/CmdSet.java,698,0,0
1.21.10,2,231,SetSaveOrigPhoto,231,,[],.scratch/dji-fly-fc-audit-20260903/v1.21.10/jadx/sources/uav/midware/data/config/P3/CmdSet.java,699,0,0
1.21.10,2,232,GetSaveOrigPhoto,232,,[],.scratch/dji-fly-fc-audit-20260903/v1.21.10/jadx/sources/uav/midware/data/config/P3/CmdSet.java,700,0,0
1.21.10,2,218,OptStorageCfg,218,,[],.scratch/dji-fly-fc-audit-20260903/v1.21.10/jadx/sources/uav/midware/data/config/P3/CmdSet.java,701,0,0
1.21.10,2,235,SubscribeMsg,235,,[],.scratch/dji-fly-fc-audit-20260903/v1.21.10/jadx/sources/uav/midware/data/config/P3/CmdSet.java,702,0,0
1.21.10,2,241,TauParam,TbsListener.ErrorCode.TPATCH_BACKUP_NOT_VALID,,[],.scratch/dji-fly-fc-audit-20260903/v1.21.10/jadx/sources/uav/midware/data/config/P3/CmdSet.java,703,0,0
1.21.10,2,242,GetPushTauParam,TbsListener.ErrorCode.TPATCH_ENABLE_EXCEPTION,DataCameraGetPushTauParam,"[""false"",""DataCameraGetPushTauParam.class""]",.scratch/dji-fly-fc-audit-20260903/v1.21.10/jadx/sources/uav/midware/data/config/P3/CmdSet.java,704,0,0
1.21.10,2,249,GetFocusInfinite,249,,[],.scratch/dji-fly-fc-audit-20260903/v1.21.10/jadx/sources/uav/midware/data/config/P3/CmdSet.java,705,0,0
1.21.10,2,250,SetFocusInfinite,250,,[],.scratch/dji-fly-fc-audit-20260903/v1.21.10/jadx/sources/uav/midware/data/config/P3/CmdSet.java,706,0,0
1.21.10,2,215,SetUserCustomInfo,215,,[],.scratch/dji-fly-fc-audit-20260903/v1.21.10/jadx/sources/uav/midware/data/config/P3/CmdSet.java,707,0,0
1.21.10,2,216,GetUserCustomInfo,216,,[],.scratch/dji-fly-fc-audit-20260903/v1.21.10/jadx/sources/uav/midware/data/config/P3/CmdSet.java,708,0,0
1.21.10,2,219,IRCEnable,219,,[],.scratch/dji-fly-fc-audit-20260903/v1.21.10/jadx/sources/uav/midware/data/config/P3/CmdSet.java,709,0,0
1.21.10,2,225,CameraTopMode,225,,[],.scratch/dji-fly-fc-audit-20260903/v1.21.10/jadx/sources/uav/midware/data/config/P3/CmdSet.java,710,0,0
1.21.10,2,229,Watermark,229,,[],.scratch/dji-fly-fc-audit-20260903/v1.21.10/jadx/sources/uav/midware/data/config/P3/CmdSet.java,711,0,0
1.21.10,2,511,ERROR,511,,[],.scratch/dji-fly-fc-audit-20260903/v1.21.10/jadx/sources/uav/midware/data/config/P3/CmdSet.java,712,1,0
1.21.10,3,0,SimScan,0,,[],.scratch/dji-fly-fc-audit-20260903/v1.21.10/jadx/sources/uav/midware/data/config/P3/CmdSet.java,809,0,0
1.21.10,3,1,SimGetParams,1,,[],.scratch/dji-fly-fc-audit-20260903/v1.21.10/jadx/sources/uav/midware/data/config/P3/CmdSet.java,810,0,0
1.21.10,3,2,SimParams,2,,[],.scratch/dji-fly-fc-audit-20260903/v1.21.10/jadx/sources/uav/midware/data/config/P3/CmdSet.java,811,0,0
1.21.10,3,5,SimCommand,5,,[],.scratch/dji-fly-fc-audit-20260903/v1.21.10/jadx/sources/uav/midware/data/config/P3/CmdSet.java,812,0,0
1.21.10,3,8,SetFlyForbidArea,8,,[],.scratch/dji-fly-fc-audit-20260903/v1.21.10/jadx/sources/uav/midware/data/config/P3/CmdSet.java,813,0,0
1.21.10,3,9,GetPushFlyForbidStatus,9,DataFlycGetPushForbidStatus,"[""false"",""DataFlycGetPushForbidStatus.class""]",.scratch/dji-fly-fc-audit-20260903/v1.21.10/jadx/sources/uav/midware/data/config/P3/CmdSet.java,814,0,0
1.21.10,3,13,SetHaveCheckedStruct,13,,[],.scratch/dji-fly-fc-audit-20260903/v1.21.10/jadx/sources/uav/midware/data/config/P3/CmdSet.java,815,0,0
1.21.10,3,17,SimRc,17,,[],.scratch/dji-fly-fc-audit-20260903/v1.21.10/jadx/sources/uav/midware/data/config/P3/CmdSet.java,816,0,0
1.21.10,3,28,SetDate,28,,[],.scratch/dji-fly-fc-audit-20260903/v1.21.10/jadx/sources/uav/midware/data/config/P3/CmdSet.java,817,0,0
1.21.10,3,29,InitializeOnboardFChannel,29,,[],.scratch/dji-fly-fc-audit-20260903/v1.21.10/jadx/sources/uav/midware/data/config/P3/CmdSet.java,818,0,0
1.21.10,3,30,GetOnboardFChannelOutputValue,30,,[],.scratch/dji-fly-fc-audit-20260903/v1.21.10/jadx/sources/uav/midware/data/config/P3/CmdSet.java,819,0,0
1.21.10,3,31,SetOnboardFChannelOutputValue,31,,[],.scratch/dji-fly-fc-audit-20260903/v1.21.10/jadx/sources/uav/midware/data/config/P3/CmdSet.java,820,0,0
1.21.10,3,22,SimStatus,22,,[],.scratch/dji-fly-fc-audit-20260903/v1.21.10/jadx/sources/uav/midware/data/config/P3/CmdSet.java,821,0,0
1.21.10,3,32,SendGpsToFlyc,32,,[],.scratch/dji-fly-fc-audit-20260903/v1.21.10/jadx/sources/uav/midware/data/config/P3/CmdSet.java,822,0,1
1.21.10,3,39,ExecFly,39,,[],.scratch/dji-fly-fc-audit-20260903/v1.21.10/jadx/sources/uav/midware/data/config/P3/CmdSet.java,823,0,0
1.21.10,3,42,FunctionControl,42,,"[""true""]",.scratch/dji-fly-fc-audit-20260903/v1.21.10/jadx/sources/uav/midware/data/config/P3/CmdSet.java,824,0,0
1.21.10,3,43,SetIoc,43,,[],.scratch/dji-fly-fc-audit-20260903/v1.21.10/jadx/sources/uav/midware/data/config/P3/CmdSet.java,825,0,0
1.21.10,3,44,GetIoc,44,,[],.scratch/dji-fly-fc-audit-20260903/v1.21.10/jadx/sources/uav/midware/data/config/P3/CmdSet.java,826,0,0
1.21.10,3,45,SetLimits,45,,[],.scratch/dji-fly-fc-audit-20260903/v1.21.10/jadx/sources/uav/midware/data/config/P3/CmdSet.java,827,0,0
1.21.10,3,46,GetLimits,46,,[],.scratch/dji-fly-fc-audit-20260903/v1.21.10/jadx/sources/uav/midware/data/config/P3/CmdSet.java,828,0,0
1.21.10,3,47,SetVoltageWarnning,47,,[],.scratch/dji-fly-fc-audit-20260903/v1.21.10/jadx/sources/uav/midware/data/config/P3/CmdSet.java,829,0,0
1.21.10,3,48,GetVoltageWarnning,48,,[],.scratch/dji-fly-fc-audit-20260903/v1.21.10/jadx/sources/uav/midware/data/config/P3/CmdSet.java,830,0,0
1.21.10,3,49,SetHomePoint,49,,[],.scratch/dji-fly-fc-audit-20260903/v1.21.10/jadx/sources/uav/midware/data/config/P3/CmdSet.java,831,0,1
1.21.10,3,50,GetPushDeformStatus,50,DataFlycGetPushDeformStatus,"[""false"",""DataFlycGetPushDeformStatus.class""]",.scratch/dji-fly-fc-audit-20260903/v1.21.10/jadx/sources/uav/midware/data/config/P3/CmdSet.java,832,0,0
1.21.10,3,52,GetPlaneName,52,,"[""true""]",.scratch/dji-fly-fc-audit-20260903/v1.21.10/jadx/sources/uav/midware/data/config/P3/CmdSet.java,833,0,1
1.21.10,3,51,SetPlaneName,51,,"[""true""]",.scratch/dji-fly-fc-audit-20260903/v1.21.10/jadx/sources/uav/midware/data/config/P3/CmdSet.java,834,0,0
1.21.10,3,57,SetReadFlyDataMode,57,,"[""true""]",.scratch/dji-fly-fc-audit-20260903/v1.21.10/jadx/sources/uav/midware/data/config/P3/CmdSet.java,835,0,0
1.21.10,3,58,FormatDataRecorder,58,,"[""true""]",.scratch/dji-fly-fc-audit-20260903/v1.21.10/jadx/sources/uav/midware/data/config/P3/CmdSet.java,836,0,0
1.21.10,3,59,SetFsAction,59,,[],.scratch/dji-fly-fc-audit-20260903/v1.21.10/jadx/sources/uav/midware/data/config/P3/CmdSet.java,837,0,0
1.21.10,3,60,GetFsAction,60,,[],.scratch/dji-fly-fc-audit-20260903/v1.21.10/jadx/sources/uav/midware/data/config/P3/CmdSet.java,838,0,1
1.21.10,3,61,SetTimeZone,61,,[],.scratch/dji-fly-fc-audit-20260903/v1.21.10/jadx/sources/uav/midware/data/config/P3/CmdSet.java,839,0,0
1.21.10,3,62,GetPushRequestLimitUpdate,62,DataFlycGetPushRequestLimitUpdate,"[""false"",""DataFlycGetPushRequestLimitUpdate.class""]",.scratch/dji-fly-fc-audit-20260903/v1.21.10/jadx/sources/uav/midware/data/config/P3/CmdSet.java,840,0,0
1.21.10,3,63,SetFlyForbidAreaData,63,,[],.scratch/dji-fly-fc-audit-20260903/v1.21.10/jadx/sources/uav/midware/data/config/P3/CmdSet.java,841,0,0
1.21.10,3,65,UploadUnlimitAreas,65,,[],.scratch/dji-fly-fc-audit-20260903/v1.21.10/jadx/sources/uav/midware/data/config/P3/CmdSet.java,842,0,0
1.21.10,3,71,EnableUnlimitAreas,71,,[],.scratch/dji-fly-fc-audit-20260903/v1.21.10/jadx/sources/uav/midware/data/config/P3/CmdSet.java,843,0,0
1.21.10,3,66,GetPushUnlimitAreas,66,DataFlycGetPushUnlimitState,"[""false"",""DataFlycGetPushUnlimitState.class""]",.scratch/dji-fly-fc-audit-20260903/v1.21.10/jadx/sources/uav/midware/data/config/P3/CmdSet.java,844,0,0
1.21.10,3,67,GetPushCommon,67,DataOsdGetPushCommon,"[""false"",""DataOsdGetPushCommon.class""]",.scratch/dji-fly-fc-audit-20260903/v1.21.10/jadx/sources/uav/midware/data/config/P3/CmdSet.java,845,0,0
1.21.10,3,68,GetPushHome,68,DataOsdGetPushHome,"[""false"",""DataOsdGetPushHome.class""]",.scratch/dji-fly-fc-audit-20260903/v1.21.10/jadx/sources/uav/midware/data/config/P3/CmdSet.java,846,0,1
1.21.10,3,69,GetPushGpsSnr,69,DataFlycGetPushGpsSnr,"[""false"",""DataFlycGetPushGpsSnr.class""]",.scratch/dji-fly-fc-audit-20260903/v1.21.10/jadx/sources/uav/midware/data/config/P3/CmdSet.java,847,0,1
1.21.10,3,70,SetPushGpsSnr,70,,[],.scratch/dji-fly-fc-audit-20260903/v1.21.10/jadx/sources/uav/midware/data/config/P3/CmdSet.java,848,0,1
1.21.10,3,81,GetPushSmartBattery,81,DataFlycGetPushSmartBattery,"[""false"",""DataFlycGetPushSmartBattery.class""]",.scratch/dji-fly-fc-audit-20260903/v1.21.10/jadx/sources/uav/midware/data/config/P3/CmdSet.java,849,0,0
1.21.10,3,82,SmartLowBatteryAck,82,,[],.scratch/dji-fly-fc-audit-20260903/v1.21.10/jadx/sources/uav/midware/data/config/P3/CmdSet.java,850,0,0
1.21.10,3,83,GetPushAvoidParam,83,DataFlycGetPushAvoidParam,"[""false"",""DataFlycGetPushAvoidParam.class""]",.scratch/dji-fly-fc-audit-20260903/v1.21.10/jadx/sources/uav/midware/data/config/P3/CmdSet.java,851,0,0
1.21.10,3,85,GetPushLimitState,85,DataFlycGetPushLimitState,"[""false"",""DataFlycGetPushLimitState.class""]",.scratch/dji-fly-fc-audit-20260903/v1.21.10/jadx/sources/uav/midware/data/config/P3/CmdSet.java,852,0,0
1.21.10,3,86,GetPushLedStatus,86,DataFlycGetPushLedStatus,"[""false"",""DataFlycGetPushLedStatus.class""]",.scratch/dji-fly-fc-audit-20260903/v1.21.10/jadx/sources/uav/midware/data/config/P3/CmdSet.java,853,0,0
1.21.10,3,97,GetPushActiveRequest,97,DataFlycGetPushActiveRequest,"[""false"",""DataFlycGetPushActiveRequest.class""]",.scratch/dji-fly-fc-audit-20260903/v1.21.10/jadx/sources/uav/midware/data/config/P3/CmdSet.java,854,0,0
1.21.10,3,98,SetActiveResult,98,,[],.scratch/dji-fly-fc-audit-20260903/v1.21.10/jadx/sources/uav/midware/data/config/P3/CmdSet.java,855,0,0
1.21.10,3,99,GetPushOnBoardRecv,99,DataFlycGetPushBoardRecv,"[""false"",""DataFlycGetPushBoardRecv.class""]",.scratch/dji-fly-fc-audit-20260903/v1.21.10/jadx/sources/uav/midware/data/config/P3/CmdSet.java,856,0,0
1.21.10,3,100,SetSendOnBoard,100,,[],.scratch/dji-fly-fc-audit-20260903/v1.21.10/jadx/sources/uav/midware/data/config/P3/CmdSet.java,857,0,0
1.21.10,3,105,RTKSwitch,105,,[],.scratch/dji-fly-fc-audit-20260903/v1.21.10/jadx/sources/uav/midware/data/config/P3/CmdSet.java,858,0,0
1.21.10,3,103,GetPowerParam,103,DataFlycGetPushPowerParam,"[""false"",""DataFlycGetPushPowerParam.class""]",.scratch/dji-fly-fc-audit-20260903/v1.21.10/jadx/sources/uav/midware/data/config/P3/CmdSet.java,859,0,0
1.21.10,3,105,SetRTKState,105,,[],.scratch/dji-fly-fc-audit-20260903/v1.21.10/jadx/sources/uav/midware/data/config/P3/CmdSet.java,860,0,0
1.21.10,3,106,GetPushAvoid,106,DataFlycGetPushAvoid,"[""false"",""DataFlycGetPushAvoid.class""]",.scratch/dji-fly-fc-audit-20260903/v1.21.10/jadx/sources/uav/midware/data/config/P3/CmdSet.java,861,0,0
1.21.10,3,108,GetPushRTKLocationData,108,DataFlycGetPushRTKLocationData,"[""false"",""DataFlycGetPushRTKLocationData.class""]",.scratch/dji-fly-fc-audit-20260903/v1.21.10/jadx/sources/uav/midware/data/config/P3/CmdSet.java,862,0,0
1.21.10,3,106,SetBatteryValidStste,106,,[],.scratch/dji-fly-fc-audit-20260903/v1.21.10/jadx/sources/uav/midware/data/config/P3/CmdSet.java,863,0,0
1.21.10,3,128,NavigationSwitch,128,,[],.scratch/dji-fly-fc-audit-20260903/v1.21.10/jadx/sources/uav/midware/data/config/P3/CmdSet.java,864,0,0
1.21.10,3,130,UploadWayPointMissionMsg,130,,[],.scratch/dji-fly-fc-audit-20260903/v1.21.10/jadx/sources/uav/midware/data/config/P3/CmdSet.java,865,0,0
1.21.10,3,131,DownloadWayPointMissionMsg,131,,[],.scratch/dji-fly-fc-audit-20260903/v1.21.10/jadx/sources/uav/midware/data/config/P3/CmdSet.java,866,0,0
1.21.10,3,132,UploadWayPointMsgByIndex,132,,[],.scratch/dji-fly-fc-audit-20260903/v1.21.10/jadx/sources/uav/midware/data/config/P3/CmdSet.java,867,0,0
1.21.10,3,133,DownloadWayPointMsgByIndex,133,,[],.scratch/dji-fly-fc-audit-20260903/v1.21.10/jadx/sources/uav/midware/data/config/P3/CmdSet.java,868,0,0
1.21.10,3,134,WayPointMissionSwitch,134,,[],.scratch/dji-fly-fc-audit-20260903/v1.21.10/jadx/sources/uav/midware/data/config/P3/CmdSet.java,869,0,0
1.21.10,3,143,NoeMissionPauseOrResume,143,,[],.scratch/dji-fly-fc-audit-20260903/v1.21.10/jadx/sources/uav/midware/data/config/P3/CmdSet.java,870,0,0
1.21.10,3,135,WayPointMissionPauseOrResume,135,,[],.scratch/dji-fly-fc-audit-20260903/v1.21.10/jadx/sources/uav/midware/data/config/P3/CmdSet.java,871,0,0
1.21.10,3,148,StartNoeMission,148,,[],.scratch/dji-fly-fc-audit-20260903/v1.21.10/jadx/sources/uav/midware/data/config/P3/CmdSet.java,872,0,0
1.21.10,3,149,StopNoeMission,149,,[],.scratch/dji-fly-fc-audit-20260903/v1.21.10/jadx/sources/uav/midware/data/config/P3/CmdSet.java,873,0,0
1.21.10,3,156,WayPointMissionSetIdleSpeed,156,,[],.scratch/dji-fly-fc-audit-20260903/v1.21.10/jadx/sources/uav/midware/data/config/P3/CmdSet.java,874,0,0
1.21.10,3,136,GetPushWayPointMissionInfo,136,DataFlycGetPushWayPointMissionInfo,"[""false"",""DataFlycGetPushWayPointMissionInfo.class""]",.scratch/dji-fly-fc-audit-20260903/v1.21.10/jadx/sources/uav/midware/data/config/P3/CmdSet.java,875,0,0
1.21.10,3,137,GetPushWayPointMissionCurrentEvent,137,DataFlycGetPushWayPointMissionCurrentEvent,"[""false"",""DataFlycGetPushWayPointMissionCurrentEvent.class""]",.scratch/dji-fly-fc-audit-20260903/v1.21.10/jadx/sources/uav/midware/data/config/P3/CmdSet.java,876,0,0
1.21.10,3,138,StartHotPointMissionWithInfo,138,,[],.scratch/dji-fly-fc-audit-20260903/v1.21.10/jadx/sources/uav/midware/data/config/P3/CmdSet.java,877,0,0
1.21.10,3,139,CancelHotPointMission,139,,[],.scratch/dji-fly-fc-audit-20260903/v1.21.10/jadx/sources/uav/midware/data/config/P3/CmdSet.java,878,0,0
1.21.10,3,140,HotPointMissionSwitch,140,,[],.scratch/dji-fly-fc-audit-20260903/v1.21.10/jadx/sources/uav/midware/data/config/P3/CmdSet.java,879,0,0
1.21.10,3,150,HotPointMissionDownload,150,,[],.scratch/dji-fly-fc-audit-20260903/v1.21.10/jadx/sources/uav/midware/data/config/P3/CmdSet.java,880,0,0
1.21.10,3,153,HotPointResetParams,153,,[],.scratch/dji-fly-fc-audit-20260903/v1.21.10/jadx/sources/uav/midware/data/config/P3/CmdSet.java,881,0,0
1.21.10,3,154,HotPointResetRadius,154,,[],.scratch/dji-fly-fc-audit-20260903/v1.21.10/jadx/sources/uav/midware/data/config/P3/CmdSet.java,882,0,0
1.21.10,3,155,HotPointResetCamera,155,,[],.scratch/dji-fly-fc-audit-20260903/v1.21.10/jadx/sources/uav/midware/data/config/P3/CmdSet.java,883,0,0
1.21.10,3,33,GetHPMaxAngularVelocity,33,,[],.scratch/dji-fly-fc-audit-20260903/v1.21.10/jadx/sources/uav/midware/data/config/P3/CmdSet.java,884,0,0
1.21.10,3,142,JoyStick,142,,[],.scratch/dji-fly-fc-audit-20260903/v1.21.10/jadx/sources/uav/midware/data/config/P3/CmdSet.java,885,0,0
1.21.10,3,144,StartFollowMeWithInfo,144,,[],.scratch/dji-fly-fc-audit-20260903/v1.21.10/jadx/sources/uav/midware/data/config/P3/CmdSet.java,886,0,0
1.21.10,3,145,CancelFollowMeMission,145,,[],.scratch/dji-fly-fc-audit-20260903/v1.21.10/jadx/sources/uav/midware/data/config/P3/CmdSet.java,887,0,0
1.21.10,3,146,FollowMeMissionSwitch,146,,[],.scratch/dji-fly-fc-audit-20260903/v1.21.10/jadx/sources/uav/midware/data/config/P3/CmdSet.java,888,0,0
1.21.10,3,147,SendGpsInfo,147,,[],.scratch/dji-fly-fc-audit-20260903/v1.21.10/jadx/sources/uav/midware/data/config/P3/CmdSet.java,889,0,1
1.21.10,3,151,StartIoc,151,,[],.scratch/dji-fly-fc-audit-20260903/v1.21.10/jadx/sources/uav/midware/data/config/P3/CmdSet.java,890,0,0
1.21.10,3,152,StopIoc,152,,[],.scratch/dji-fly-fc-audit-20260903/v1.21.10/jadx/sources/uav/midware/data/config/P3/CmdSet.java,891,0,0
1.21.10,3,160,SendAgpsData,160,,"[""true""]",.scratch/dji-fly-fc-audit-20260903/v1.21.10/jadx/sources/uav/midware/data/config/P3/CmdSet.java,892,0,0
1.21.10,3,161,GetPushAgpsState,161,DataFlycGetPushAgpsStatus,"[""false"",""DataFlycGetPushAgpsStatus.class""]",.scratch/dji-fly-fc-audit-20260903/v1.21.10/jadx/sources/uav/midware/data/config/P3/CmdSet.java,893,0,0
1.21.10,3,162,SendOnlineAGPSData,162,,[],.scratch/dji-fly-fc-audit-20260903/v1.21.10/jadx/sources/uav/midware/data/config/P3/CmdSet.java,894,0,0
1.21.10,3,163,GetWaypointInterruption,163,,[],.scratch/dji-fly-fc-audit-20260903/v1.21.10/jadx/sources/uav/midware/data/config/P3/CmdSet.java,895,0,0
1.21.10,3,173,GetPushFlycInstallError,173,DataFlycGetPushFlycInstallError,"[""false"",""DataFlycGetPushFlycInstallError.class""]",.scratch/dji-fly-fc-audit-20260903/v1.21.10/jadx/sources/uav/midware/data/config/P3/CmdSet.java,896,0,0
1.21.10,3,156,SetFlightIdleSpeed,156,,[],.scratch/dji-fly-fc-audit-20260903/v1.21.10/jadx/sources/uav/midware/data/config/P3/CmdSet.java,897,0,0
1.21.10,3,175,GetAreaCode,175,,[],.scratch/dji-fly-fc-audit-20260903/v1.21.10/jadx/sources/uav/midware/data/config/P3/CmdSet.java,898,0,0
1.21.10,3,176,GetBatteryGroupsSingleInfo,176,,[],.scratch/dji-fly-fc-audit-20260903/v1.21.10/jadx/sources/uav/midware/data/config/P3/CmdSet.java,899,0,0
1.21.10,3,181,FaultInject,181,,[],.scratch/dji-fly-fc-audit-20260903/v1.21.10/jadx/sources/uav/midware/data/config/P3/CmdSet.java,900,0,1
1.21.10,3,182,GetPushFaultInject,182,DataFlycGetPushFaultInject,"[""false"",""DataFlycGetPushFaultInject.class""]",.scratch/dji-fly-fc-audit-20260903/v1.21.10/jadx/sources/uav/midware/data/config/P3/CmdSet.java,901,0,1
1.21.10,3,183,SetAndGetRedundancyIMUIndex,183,,[],.scratch/dji-fly-fc-audit-20260903/v1.21.10/jadx/sources/uav/midware/data/config/P3/CmdSet.java,902,0,0
1.21.10,3,184,RedundancyStatus,184,,[],.scratch/dji-fly-fc-audit-20260903/v1.21.10/jadx/sources/uav/midware/data/config/P3/CmdSet.java,903,0,0
1.21.10,3,185,PushRedundancyStatus,185,DataFlycPushRedundancyStatus,"[""false"",""DataFlycPushRedundancyStatus.class""]",.scratch/dji-fly-fc-audit-20260903/v1.21.10/jadx/sources/uav/midware/data/config/P3/CmdSet.java,904,0,0
1.21.10,3,204,GetSetWarningAreaEnable,204,,[],.scratch/dji-fly-fc-audit-20260903/v1.21.10/jadx/sources/uav/midware/data/config/P3/CmdSet.java,905,0,0
1.21.10,3,205,UpdateFlyforbidArea,205,,[],.scratch/dji-fly-fc-audit-20260903/v1.21.10/jadx/sources/uav/midware/data/config/P3/CmdSet.java,906,0,0
1.21.10,3,206,PushForbidDataInfos,206,DataFlycPushForbidDataInfos,"[""false"",""DataFlycPushForbidDataInfos.class""]",.scratch/dji-fly-fc-audit-20260903/v1.21.10/jadx/sources/uav/midware/data/config/P3/CmdSet.java,907,0,0
1.21.10,3,207,GetNewFlyforbidArea,207,,[],.scratch/dji-fly-fc-audit-20260903/v1.21.10/jadx/sources/uav/midware/data/config/P3/CmdSet.java,908,0,0
1.21.10,3,215,GetPushFlightRecord,215,DataFlycGetPushFlightRecord,"[""false"",""true"",""false"",""DataFlycGetPushFlightRecord.class""]",.scratch/dji-fly-fc-audit-20260903/v1.21.10/jadx/sources/uav/midware/data/config/P3/CmdSet.java,909,0,0
1.21.10,3,218,Detection,218,DataFlycDetection,"[""false"",""true"",""false"",""DataFlycDetection.class""]",.scratch/dji-fly-fc-audit-20260903/v1.21.10/jadx/sources/uav/midware/data/config/P3/CmdSet.java,910,0,0
1.21.10,3,233,SetFlyforbidData,233,,[],.scratch/dji-fly-fc-audit-20260903/v1.21.10/jadx/sources/uav/midware/data/config/P3/CmdSet.java,911,0,0
1.21.10,3,237,SetEscEcho,237,,[],.scratch/dji-fly-fc-audit-20260903/v1.21.10/jadx/sources/uav/midware/data/config/P3/CmdSet.java,912,0,1
1.21.10,3,238,GetPushGoHomeCountDown,238,DataFlycGetPushGoHomeCountDown,"[""false"",""true"",""DataFlycGetPushGoHomeCountDown.class""]",.scratch/dji-fly-fc-audit-20260903/v1.21.10/jadx/sources/uav/midware/data/config/P3/CmdSet.java,913,0,0
1.21.10,3,240,GetParamInfoByIndex,240,,[],.scratch/dji-fly-fc-audit-20260903/v1.21.10/jadx/sources/uav/midware/data/config/P3/CmdSet.java,914,0,0
1.21.10,3,241,GetParamsByIndex,TbsListener.ErrorCode.TPATCH_BACKUP_NOT_VALID,,[],.scratch/dji-fly-fc-audit-20260903/v1.21.10/jadx/sources/uav/midware/data/config/P3/CmdSet.java,915,0,0
1.21.10,3,242,SetParamsByIndex,TbsListener.ErrorCode.TPATCH_ENABLE_EXCEPTION,,[],.scratch/dji-fly-fc-audit-20260903/v1.21.10/jadx/sources/uav/midware/data/config/P3/CmdSet.java,916,0,0
1.21.10,3,243,ResetParamsByIndex,243,,[],.scratch/dji-fly-fc-audit-20260903/v1.21.10/jadx/sources/uav/midware/data/config/P3/CmdSet.java,917,0,0
1.21.10,3,244,GetPushParamsByIndex,IjkMediaMeta.FF_PROFILE_H264_HIGH_444_PREDICTIVE,,"[""false"",""null""]",.scratch/dji-fly-fc-audit-20260903/v1.21.10/jadx/sources/uav/midware/data/config/P3/CmdSet.java,918,0,0
1.21.10,3,245,GetSetVerPhone,245,,[],.scratch/dji-fly-fc-audit-20260903/v1.21.10/jadx/sources/uav/midware/data/config/P3/CmdSet.java,919,0,0
1.21.10,3,247,GetParamInfoByHash,247,,[],.scratch/dji-fly-fc-audit-20260903/v1.21.10/jadx/sources/uav/midware/data/config/P3/CmdSet.java,920,0,1
1.21.10,3,248,GetParamsByHash,248,,[],.scratch/dji-fly-fc-audit-20260903/v1.21.10/jadx/sources/uav/midware/data/config/P3/CmdSet.java,921,0,1
1.21.10,3,249,SetParamsByHash,249,,[],.scratch/dji-fly-fc-audit-20260903/v1.21.10/jadx/sources/uav/midware/data/config/P3/CmdSet.java,922,0,1
1.21.10,3,250,ResetParamsByHash,250,,[],.scratch/dji-fly-fc-audit-20260903/v1.21.10/jadx/sources/uav/midware/data/config/P3/CmdSet.java,923,0,0
1.21.10,3,251,GetPushParamsByHash,251,DataFlycGetPushParamsByHash,"[""false"",""DataFlycGetPushParamsByHash.class""]",.scratch/dji-fly-fc-audit-20260903/v1.21.10/jadx/sources/uav/midware/data/config/P3/CmdSet.java,924,0,0
1.21.10,3,252,SetPushParams,252,,[],.scratch/dji-fly-fc-audit-20260903/v1.21.10/jadx/sources/uav/midware/data/config/P3/CmdSet.java,925,0,0
1.21.10,3,254,SetMotorForceDisable,254,,[],.scratch/dji-fly-fc-audit-20260903/v1.21.10/jadx/sources/uav/midware/data/config/P3/CmdSet.java,926,0,0
1.21.10,3,511,Other,511,,[],.scratch/dji-fly-fc-audit-20260903/v1.21.10/jadx/sources/uav/midware/data/config/P3/CmdSet.java,927,1,0
1.21.10,4,1,Control,1,,[],.scratch/dji-fly-fc-audit-20260903/v1.21.10/jadx/sources/uav/midware/data/config/P3/CmdSet.java,1047,0,0
1.21.10,4,5,GetPushParams,5,DataGimbalGetPushParams,"[""false"",""DataGimbalGetPushParams.class""]",.scratch/dji-fly-fc-audit-20260903/v1.21.10/jadx/sources/uav/midware/data/config/P3/CmdSet.java,1048,0,0
1.21.10,4,7,RollFinetune,7,,[],.scratch/dji-fly-fc-audit-20260903/v1.21.10/jadx/sources/uav/midware/data/config/P3/CmdSet.java,1049,0,0
1.21.10,4,8,AutoCalibration,8,,[],.scratch/dji-fly-fc-audit-20260903/v1.21.10/jadx/sources/uav/midware/data/config/P3/CmdSet.java,1050,0,0
1.21.10,4,10,SetAngle,10,,[],.scratch/dji-fly-fc-audit-20260903/v1.21.10/jadx/sources/uav/midware/data/config/P3/CmdSet.java,1051,0,0
1.21.10,4,13,SetOnOrOff,13,,[],.scratch/dji-fly-fc-audit-20260903/v1.21.10/jadx/sources/uav/midware/data/config/P3/CmdSet.java,1052,0,0
1.21.10,4,12,SpeedControl,12,,[],.scratch/dji-fly-fc-audit-20260903/v1.21.10/jadx/sources/uav/midware/data/config/P3/CmdSet.java,1053,0,0
1.21.10,4,10,AngleControl,10,,[],.scratch/dji-fly-fc-audit-20260903/v1.21.10/jadx/sources/uav/midware/data/config/P3/CmdSet.java,1054,0,0
1.21.10,4,15,SetUserParams,15,,[],.scratch/dji-fly-fc-audit-20260903/v1.21.10/jadx/sources/uav/midware/data/config/P3/CmdSet.java,1055,0,0
1.21.10,4,16,GetUserParams,16,,[],.scratch/dji-fly-fc-audit-20260903/v1.21.10/jadx/sources/uav/midware/data/config/P3/CmdSet.java,1056,0,0
1.21.10,4,17,SaveUserParams,17,,[],.scratch/dji-fly-fc-audit-20260903/v1.21.10/jadx/sources/uav/midware/data/config/P3/CmdSet.java,1057,0,0
1.21.10,4,19,ResetUserParams,19,,[],.scratch/dji-fly-fc-audit-20260903/v1.21.10/jadx/sources/uav/midware/data/config/P3/CmdSet.java,1058,0,0
1.21.10,4,20,AbsAngleControl,20,,[],.scratch/dji-fly-fc-audit-20260903/v1.21.10/jadx/sources/uav/midware/data/config/P3/CmdSet.java,1059,0,0
1.21.10,4,26,SetGimbalRelease,26,,[],.scratch/dji-fly-fc-audit-20260903/v1.21.10/jadx/sources/uav/midware/data/config/P3/CmdSet.java,1060,0,0
1.21.10,4,28,GetPushType,28,DataGimbalGetPushType,"[""false"",""DataGimbalGetPushType.class""]",.scratch/dji-fly-fc-audit-20260903/v1.21.10/jadx/sources/uav/midware/data/config/P3/CmdSet.java,1061,0,0
1.21.10,4,31,GetSerialParams,31,,[],.scratch/dji-fly-fc-audit-20260903/v1.21.10/jadx/sources/uav/midware/data/config/P3/CmdSet.java,1062,0,0
1.21.10,4,36,GetPushUserParams,36,DataGimbalGetPushUserParams,"[""false"",""DataGimbalGetPushUserParams.class""]",.scratch/dji-fly-fc-audit-20260903/v1.21.10/jadx/sources/uav/midware/data/config/P3/CmdSet.java,1063,0,0
1.21.10,4,37,CommonProtocol,37,,[],.scratch/dji-fly-fc-audit-20260903/v1.21.10/jadx/sources/uav/midware/data/config/P3/CmdSet.java,1064,0,0
1.21.10,4,39,GetPushAbnormalStatus,39,DataGimbalGetPushAbnormalStatus,"[""false"",""DataGimbalGetPushAbnormalStatus.class""]",.scratch/dji-fly-fc-audit-20260903/v1.21.10/jadx/sources/uav/midware/data/config/P3/CmdSet.java,1065,0,0
1.21.10,4,43,GetPushTutorialStatus,43,DataGimbalGetPushTutorialStatus,"[""false"",""DataGimbalGetPushTutorialStatus.class""]",.scratch/dji-fly-fc-audit-20260903/v1.21.10/jadx/sources/uav/midware/data/config/P3/CmdSet.java,1066,0,0
1.21.10,4,44,SetTutorialStep,44,,[],.scratch/dji-fly-fc-audit-20260903/v1.21.10/jadx/sources/uav/midware/data/config/P3/CmdSet.java,1067,0,0
1.21.10,4,48,GetPushAutoCalibrationStatus,48,DataGimbalGetPushAutoCalibrationStatus,"[""false"",""DataGimbalGetPushAutoCalibrationStatus.class""]",.scratch/dji-fly-fc-audit-20260903/v1.21.10/jadx/sources/uav/midware/data/config/P3/CmdSet.java,1068,0,0
1.21.10,4,49,RobinSetParams,49,,[],.scratch/dji-fly-fc-audit-20260903/v1.21.10/jadx/sources/uav/midware/data/config/P3/CmdSet.java,1069,0,0
1.21.10,4,50,RobinGetParams,50,,[],.scratch/dji-fly-fc-audit-20260903/v1.21.10/jadx/sources/uav/midware/data/config/P3/CmdSet.java,1070,0,0
1.21.10,4,51,RobinPushBattery,51,DataGimbalPushBatteryInfo,"[""false"",""DataGimbalPushBatteryInfo.class""]",.scratch/dji-fly-fc-audit-20260903/v1.21.10/jadx/sources/uav/midware/data/config/P3/CmdSet.java,1071,0,0
1.21.10,4,53,SetHandleParams,53,,[],.scratch/dji-fly-fc-audit-20260903/v1.21.10/jadx/sources/uav/midware/data/config/P3/CmdSet.java,1072,0,0
1.21.10,4,54,GetHandleParams,54,,[],.scratch/dji-fly-fc-audit-20260903/v1.21.10/jadx/sources/uav/midware/data/config/P3/CmdSet.java,1073,0,0
1.21.10,4,55,SetTimelapseParams,55,,[],.scratch/dji-fly-fc-audit-20260903/v1.21.10/jadx/sources/uav/midware/data/config/P3/CmdSet.java,1074,0,0
1.21.10,4,56,GetPushTimelapseStatus,56,DataGimbalGetPushTimelapseStatus,"[""false"",""DataGimbalGetPushTimelapseStatus.class""]",.scratch/dji-fly-fc-audit-20260903/v1.21.10/jadx/sources/uav/midware/data/config/P3/CmdSet.java,1075,0,0
1.21.10,4,86,NotifyCameraInfo,86,,[],.scratch/dji-fly-fc-audit-20260903/v1.21.10/jadx/sources/uav/midware/data/config/P3/CmdSet.java,1076,0,0
1.21.10,4,87,GetPushHandheldStickState,87,DataGimbalGetPushHandheldStickState,"[""false"",""DataGimbalGetPushHandheldStickState.class""]",.scratch/dji-fly-fc-audit-20260903/v1.21.10/jadx/sources/uav/midware/data/config/P3/CmdSet.java,1077,0,0
1.21.10,4,88,SetHandheldStickControlEnabled,88,,[],.scratch/dji-fly-fc-audit-20260903/v1.21.10/jadx/sources/uav/midware/data/config/P3/CmdSet.java,1078,0,0
1.21.10,4,76,ResetAndSetMode,76,,[],.scratch/dji-fly-fc-audit-20260903/v1.21.10/jadx/sources/uav/midware/data/config/P3/CmdSet.java,1079,0,0
1.21.10,4,511,Other,511,,[],.scratch/dji-fly-fc-audit-20260903/v1.21.10/jadx/sources/uav/midware/data/config/P3/CmdSet.java,1080,1,0
1.21.10,5,1,GetSmartBatteryRequest,1,,[],.scratch/dji-fly-fc-audit-20260903/v1.21.10/jadx/sources/uav/midware/data/config/P3/CmdSet.java,1167,0,0
1.21.10,5,5,SetBatteryCommon,5,,[],.scratch/dji-fly-fc-audit-20260903/v1.21.10/jadx/sources/uav/midware/data/config/P3/CmdSet.java,1168,0,0
1.21.10,5,6,GetPushBatteryCommon,6,DataCenterGetPushBatteryCommon,"[""false"",""DataCenterGetPushBatteryCommon.class""]",.scratch/dji-fly-fc-audit-20260903/v1.21.10/jadx/sources/uav/midware/data/config/P3/CmdSet.java,1169,0,0
1.21.10,5,7,GetSmartBatteryCurrentStatus,7,,[],.scratch/dji-fly-fc-audit-20260903/v1.21.10/jadx/sources/uav/midware/data/config/P3/CmdSet.java,1170,0,0
1.21.10,5,8,GetBatteryHistory,8,,[],.scratch/dji-fly-fc-audit-20260903/v1.21.10/jadx/sources/uav/midware/data/config/P3/CmdSet.java,1171,0,0
1.21.10,5,9,SelfDischarge,9,,[],.scratch/dji-fly-fc-audit-20260903/v1.21.10/jadx/sources/uav/midware/data/config/P3/CmdSet.java,1172,0,0
1.21.10,5,49,GetSelfDischarge,49,,[],.scratch/dji-fly-fc-audit-20260903/v1.21.10/jadx/sources/uav/midware/data/config/P3/CmdSet.java,1173,0,0
1.21.10,5,50,SetSelfDischarge,50,,[],.scratch/dji-fly-fc-audit-20260903/v1.21.10/jadx/sources/uav/midware/data/config/P3/CmdSet.java,1174,0,0
1.21.10,5,51,GetBoardNumber,51,,[],.scratch/dji-fly-fc-audit-20260903/v1.21.10/jadx/sources/uav/midware/data/config/P3/CmdSet.java,1175,0,0
1.21.10,5,65,GetPushPackModeFailReason,65,DataCenterGetPushPackModeFailReason,"[""false"",""DataCenterGetPushPackModeFailReason.class""]",.scratch/dji-fly-fc-audit-20260903/v1.21.10/jadx/sources/uav/midware/data/config/P3/CmdSet.java,1176,0,0
1.21.10,5,66,GetPushBatteryInPosition,66,DataCenterGetPushBatteryInPosition,"[""false"",""DataCenterGetPushBatteryInPosition.class""]",.scratch/dji-fly-fc-audit-20260903/v1.21.10/jadx/sources/uav/midware/data/config/P3/CmdSet.java,1177,0,0
1.21.10,5,511,Other,511,,[],.scratch/dji-fly-fc-audit-20260903/v1.21.10/jadx/sources/uav/midware/data/config/P3/CmdSet.java,1178,1,0
1.21.10,6,1,GetChannelParams,1,,[],.scratch/dji-fly-fc-audit-20260903/v1.21.10/jadx/sources/uav/midware/data/config/P3/CmdSet.java,1267,0,0
1.21.10,6,2,SetChannelParams,2,,[],.scratch/dji-fly-fc-audit-20260903/v1.21.10/jadx/sources/uav/midware/data/config/P3/CmdSet.java,1268,0,0
1.21.10,6,3,SetCalibration,3,,[],.scratch/dji-fly-fc-audit-20260903/v1.21.10/jadx/sources/uav/midware/data/config/P3/CmdSet.java,1269,0,0
1.21.10,6,4,GetHardwareParams,4,,[],.scratch/dji-fly-fc-audit-20260903/v1.21.10/jadx/sources/uav/midware/data/config/P3/CmdSet.java,1270,0,0
1.21.10,6,5,GetPushParams,5,DataRcGetPushParams,"[""false"",""DataRcGetPushParams.class""]",.scratch/dji-fly-fc-audit-20260903/v1.21.10/jadx/sources/uav/midware/data/config/P3/CmdSet.java,1271,0,0
1.21.10,6,6,SetMaster,6,,[],.scratch/dji-fly-fc-audit-20260903/v1.21.10/jadx/sources/uav/midware/data/config/P3/CmdSet.java,1272,0,0
1.21.10,6,7,GetMaster,7,,"[""false""]",.scratch/dji-fly-fc-audit-20260903/v1.21.10/jadx/sources/uav/midware/data/config/P3/CmdSet.java,1273,0,0
1.21.10,6,8,SetName,8,,[],.scratch/dji-fly-fc-audit-20260903/v1.21.10/jadx/sources/uav/midware/data/config/P3/CmdSet.java,1274,0,0
1.21.10,6,9,GetName,9,,"[""false""]",.scratch/dji-fly-fc-audit-20260903/v1.21.10/jadx/sources/uav/midware/data/config/P3/CmdSet.java,1275,0,0
1.21.10,6,10,SetPassword,10,,[],.scratch/dji-fly-fc-audit-20260903/v1.21.10/jadx/sources/uav/midware/data/config/P3/CmdSet.java,1276,0,0
1.21.10,6,11,GetPassword,11,,"[""false""]",.scratch/dji-fly-fc-audit-20260903/v1.21.10/jadx/sources/uav/midware/data/config/P3/CmdSet.java,1277,0,0
1.21.10,6,12,SetConnectMaster,12,,[],.scratch/dji-fly-fc-audit-20260903/v1.21.10/jadx/sources/uav/midware/data/config/P3/CmdSet.java,1278,0,0
1.21.10,6,13,GetConnectMaster,13,,"[""false""]",.scratch/dji-fly-fc-audit-20260903/v1.21.10/jadx/sources/uav/midware/data/config/P3/CmdSet.java,1279,0,0
1.21.10,6,14,GetSearchMasters,14,,"[""false""]",.scratch/dji-fly-fc-audit-20260903/v1.21.10/jadx/sources/uav/midware/data/config/P3/CmdSet.java,1280,0,0
1.21.10,6,15,SetSearchMode,15,,[],.scratch/dji-fly-fc-audit-20260903/v1.21.10/jadx/sources/uav/midware/data/config/P3/CmdSet.java,1281,0,0
1.21.10,6,16,GetSearchMode,16,,"[""false""]",.scratch/dji-fly-fc-audit-20260903/v1.21.10/jadx/sources/uav/midware/data/config/P3/CmdSet.java,1282,0,0
1.21.10,6,17,SetToggle,17,,[],.scratch/dji-fly-fc-audit-20260903/v1.21.10/jadx/sources/uav/midware/data/config/P3/CmdSet.java,1283,0,0
1.21.10,6,18,GetToggle,18,,"[""false""]",.scratch/dji-fly-fc-audit-20260903/v1.21.10/jadx/sources/uav/midware/data/config/P3/CmdSet.java,1284,0,0
1.21.10,6,19,RequestSlaveJoin,19,,[],.scratch/dji-fly-fc-audit-20260903/v1.21.10/jadx/sources/uav/midware/data/config/P3/CmdSet.java,1285,0,0
1.21.10,6,20,GetSlaveList,20,,"[""false""]",.scratch/dji-fly-fc-audit-20260903/v1.21.10/jadx/sources/uav/midware/data/config/P3/CmdSet.java,1286,0,0
1.21.10,6,21,DeleteSlave,21,,[],.scratch/dji-fly-fc-audit-20260903/v1.21.10/jadx/sources/uav/midware/data/config/P3/CmdSet.java,1287,0,0
1.21.10,6,22,DeleteMaster,22,,[],.scratch/dji-fly-fc-audit-20260903/v1.21.10/jadx/sources/uav/midware/data/config/P3/CmdSet.java,1288,0,0
1.21.10,6,23,SetSlavePermission,23,,"[""false""]",.scratch/dji-fly-fc-audit-20260903/v1.21.10/jadx/sources/uav/midware/data/config/P3/CmdSet.java,1289,0,0
1.21.10,6,24,GetSlavePermission,24,,"[""false""]",.scratch/dji-fly-fc-audit-20260903/v1.21.10/jadx/sources/uav/midware/data/config/P3/CmdSet.java,1290,0,0
1.21.10,6,25,SetControlMode,25,,[],.scratch/dji-fly-fc-audit-20260903/v1.21.10/jadx/sources/uav/midware/data/config/P3/CmdSet.java,1291,0,0
1.21.10,6,26,GetControlMode,26,,[],.scratch/dji-fly-fc-audit-20260903/v1.21.10/jadx/sources/uav/midware/data/config/P3/CmdSet.java,1292,0,0
1.21.10,6,27,GetPushGpsInfo,27,DataRcGetPushGpsInfo,"[""false"",""DataRcGetPushGpsInfo.class""]",.scratch/dji-fly-fc-audit-20260903/v1.21.10/jadx/sources/uav/midware/data/config/P3/CmdSet.java,1293,0,0
1.21.10,6,30,GetPushBatteryInfo,30,DataRcGetPushBatteryInfo,"[""false"",""DataRcGetPushBatteryInfo.class""]",.scratch/dji-fly-fc-audit-20260903/v1.21.10/jadx/sources/uav/midware/data/config/P3/CmdSet.java,1294,0,0
1.21.10,6,31,GetPushConnectStatus,31,DataRcGetPushConnectStatus,"[""false"",""DataRcGetPushConnectStatus.class""]",.scratch/dji-fly-fc-audit-20260903/v1.21.10/jadx/sources/uav/midware/data/config/P3/CmdSet.java,1295,0,0
1.21.10,6,32,SetPowerMode,32,,[],.scratch/dji-fly-fc-audit-20260903/v1.21.10/jadx/sources/uav/midware/data/config/P3/CmdSet.java,1296,0,0
1.21.10,6,34,RequestGimbalCtrPermission,34,,[],.scratch/dji-fly-fc-audit-20260903/v1.21.10/jadx/sources/uav/midware/data/config/P3/CmdSet.java,1297,0,0
1.21.10,6,35,AckGimbalCtrPermission,35,DataRcAckGimbalCtrPermission,"[""false"",""DataRcAckGimbalCtrPermission.class""]",.scratch/dji-fly-fc-audit-20260903/v1.21.10/jadx/sources/uav/midware/data/config/P3/CmdSet.java,1298,0,0
1.21.10,6,36,SetSimulation,36,,[],.scratch/dji-fly-fc-audit-20260903/v1.21.10/jadx/sources/uav/midware/data/config/P3/CmdSet.java,1299,0,0
1.21.10,6,37,GetSimFlyStatus,37,,[],.scratch/dji-fly-fc-audit-20260903/v1.21.10/jadx/sources/uav/midware/data/config/P3/CmdSet.java,1300,0,0
1.21.10,6,38,GetSimPushParams,38,DataRcSimPushParams,"[""false"",""DataRcSimPushParams.class""]",.scratch/dji-fly-fc-audit-20260903/v1.21.10/jadx/sources/uav/midware/data/config/P3/CmdSet.java,1301,0,0
1.21.10,6,41,SetSlaveMode,41,,[],.scratch/dji-fly-fc-audit-20260903/v1.21.10/jadx/sources/uav/midware/data/config/P3/CmdSet.java,1302,0,0
1.21.10,6,42,GetSlaveMode,42,,[],.scratch/dji-fly-fc-audit-20260903/v1.21.10/jadx/sources/uav/midware/data/config/P3/CmdSet.java,1303,0,0
1.21.10,6,43,SetGimbalSpeed,43,,[],.scratch/dji-fly-fc-audit-20260903/v1.21.10/jadx/sources/uav/midware/data/config/P3/CmdSet.java,1304,0,0
1.21.10,6,44,GetGimbalSpeed,44,,[],.scratch/dji-fly-fc-audit-20260903/v1.21.10/jadx/sources/uav/midware/data/config/P3/CmdSet.java,1305,0,0
1.21.10,6,45,SetCustomFuction,45,,[],.scratch/dji-fly-fc-audit-20260903/v1.21.10/jadx/sources/uav/midware/data/config/P3/CmdSet.java,1306,0,0
1.21.10,6,46,GetCustomFuction,46,,[],.scratch/dji-fly-fc-audit-20260903/v1.21.10/jadx/sources/uav/midware/data/config/P3/CmdSet.java,1307,0,0
1.21.10,6,47,SetFrequency,47,,[],.scratch/dji-fly-fc-audit-20260903/v1.21.10/jadx/sources/uav/midware/data/config/P3/CmdSet.java,1308,0,0
1.21.10,6,49,SetRTC,49,,[],.scratch/dji-fly-fc-audit-20260903/v1.21.10/jadx/sources/uav/midware/data/config/P3/CmdSet.java,1309,0,0
1.21.10,6,50,GetRTC,50,,[],.scratch/dji-fly-fc-audit-20260903/v1.21.10/jadx/sources/uav/midware/data/config/P3/CmdSet.java,1310,0,0
1.21.10,6,51,SetWheelGain,51,,[],.scratch/dji-fly-fc-audit-20260903/v1.21.10/jadx/sources/uav/midware/data/config/P3/CmdSet.java,1311,0,0
1.21.10,6,52,GetWheelGain,52,,[],.scratch/dji-fly-fc-audit-20260903/v1.21.10/jadx/sources/uav/midware/data/config/P3/CmdSet.java,1312,0,0
1.21.10,6,53,SetGimbalControlMode,53,,[],.scratch/dji-fly-fc-audit-20260903/v1.21.10/jadx/sources/uav/midware/data/config/P3/CmdSet.java,1313,0,0
1.21.10,6,54,GetGimbalControlMode,54,,[],.scratch/dji-fly-fc-audit-20260903/v1.21.10/jadx/sources/uav/midware/data/config/P3/CmdSet.java,1314,0,0
1.21.10,6,60,CoachMode,60,,[],.scratch/dji-fly-fc-audit-20260903/v1.21.10/jadx/sources/uav/midware/data/config/P3/CmdSet.java,1315,0,0
1.21.10,6,61,MultiRcPairing,61,,[],.scratch/dji-fly-fc-audit-20260903/v1.21.10/jadx/sources/uav/midware/data/config/P3/CmdSet.java,1316,0,0
1.21.10,6,62,GetPushMultiRcPairingStatus,62,DataGetPushMultiRcPairingStatus,"[""false"",""DataGetPushMultiRcPairingStatus.class""]",.scratch/dji-fly-fc-audit-20260903/v1.21.10/jadx/sources/uav/midware/data/config/P3/CmdSet.java,1317,0,0
1.21.10,6,63,MaterSlaveId,63,,[],.scratch/dji-fly-fc-audit-20260903/v1.21.10/jadx/sources/uav/midware/data/config/P3/CmdSet.java,1318,0,0
1.21.10,6,66,GetPushFollowFocus,66,DataRcGetPushFollowFocus,"[""false"",""DataRcGetPushFollowFocus.class""]",.scratch/dji-fly-fc-audit-20260903/v1.21.10/jadx/sources/uav/midware/data/config/P3/CmdSet.java,1319,0,0
1.21.10,6,71,AppSpecailControl,71,DataRcSetAppSpecialControl,"[""false"",""true"",""DataRcSetAppSpecialControl.class""]",.scratch/dji-fly-fc-audit-20260903/v1.21.10/jadx/sources/uav/midware/data/config/P3/CmdSet.java,1320,0,0
1.21.10,6,72,GetFreqModeInfo,72,,[],.scratch/dji-fly-fc-audit-20260903/v1.21.10/jadx/sources/uav/midware/data/config/P3/CmdSet.java,1321,0,0
1.21.10,6,73,EnableBaseStationRTK,73,,[],.scratch/dji-fly-fc-audit-20260903/v1.21.10/jadx/sources/uav/midware/data/config/P3/CmdSet.java,1322,0,0
1.21.10,6,72,GetRCParam,72,,[],.scratch/dji-fly-fc-audit-20260903/v1.21.10/jadx/sources/uav/midware/data/config/P3/CmdSet.java,1323,0,0
1.21.10,6,152,GetPushFollowFocus2,152,DataRcGetPushFollowFocus2,"[""false"",""DataRcGetPushFollowFocus2.class""]",.scratch/dji-fly-fc-audit-20260903/v1.21.10/jadx/sources/uav/midware/data/config/P3/CmdSet.java,1324,0,0
1.21.10,6,153,SetFollowFocusInfo,153,,[],.scratch/dji-fly-fc-audit-20260903/v1.21.10/jadx/sources/uav/midware/data/config/P3/CmdSet.java,1325,0,0
1.21.10,6,80,SetMCU407,80,,[],.scratch/dji-fly-fc-audit-20260903/v1.21.10/jadx/sources/uav/midware/data/config/P3/CmdSet.java,1326,0,0
1.21.10,6,81,GetPushRcCustomButtonsStatus,81,DataRcGetPushRcCustomButtonsStatus,"[""false"",""DataRcGetPushRcCustomButtonsStatus.class""]",.scratch/dji-fly-fc-audit-20260903/v1.21.10/jadx/sources/uav/midware/data/config/P3/CmdSet.java,1327,0,0
1.21.10,6,83,GetRcUnitNLang,83,,[],.scratch/dji-fly-fc-audit-20260903/v1.21.10/jadx/sources/uav/midware/data/config/P3/CmdSet.java,1328,0,0
1.21.10,6,84,SetRcUnitNLang,84,,[],.scratch/dji-fly-fc-audit-20260903/v1.21.10/jadx/sources/uav/midware/data/config/P3/CmdSet.java,1329,0,0
1.21.10,6,86,GetRcRole,86,,[],.scratch/dji-fly-fc-audit-20260903/v1.21.10/jadx/sources/uav/midware/data/config/P3/CmdSet.java,1330,0,0
1.21.10,6,87,GetFDPushConnectStatus,87,DataRcGetFDPushConnectStatus,"[""false"",""DataRcGetFDPushConnectStatus.class""]",.scratch/dji-fly-fc-audit-20260903/v1.21.10/jadx/sources/uav/midware/data/config/P3/CmdSet.java,1331,0,0
1.21.10,6,88,SetNewControlFunction,88,,[],.scratch/dji-fly-fc-audit-20260903/v1.21.10/jadx/sources/uav/midware/data/config/P3/CmdSet.java,1332,0,0
1.21.10,6,89,SetFlightChannel,89,,[],.scratch/dji-fly-fc-audit-20260903/v1.21.10/jadx/sources/uav/midware/data/config/P3/CmdSet.java,1333,0,0
1.21.10,6,171,GetPushRcFlowControl,171,DataRcGetPushFlowControl,"[""false"",""DataRcGetPushFlowControl.class""]",.scratch/dji-fly-fc-audit-20260903/v1.21.10/jadx/sources/uav/midware/data/config/P3/CmdSet.java,1334,0,0
1.21.10,6,239,HandShake,239,DataRcHandShake,"[""false"",""DataRcHandShake.class""]",.scratch/dji-fly-fc-audit-20260903/v1.21.10/jadx/sources/uav/midware/data/config/P3/CmdSet.java,1335,0,0
1.21.10,6,248,GetFDRcCalibrationStatue,248,,[],.scratch/dji-fly-fc-audit-20260903/v1.21.10/jadx/sources/uav/midware/data/config/P3/CmdSet.java,1336,0,0
1.21.10,6,511,Other,511,,[],.scratch/dji-fly-fc-audit-20260903/v1.21.10/jadx/sources/uav/midware/data/config/P3/CmdSet.java,1337,1,0
1.21.10,7,5,SetPower,5,,[],.scratch/dji-fly-fc-audit-20260903/v1.21.10/jadx/sources/uav/midware/data/config/P3/CmdSet.java,1446,0,0
1.21.10,7,6,GetPower,6,,[],.scratch/dji-fly-fc-audit-20260903/v1.21.10/jadx/sources/uav/midware/data/config/P3/CmdSet.java,1447,0,0
1.21.10,7,7,GetSSID,7,,[],.scratch/dji-fly-fc-audit-20260903/v1.21.10/jadx/sources/uav/midware/data/config/P3/CmdSet.java,1448,0,0
1.21.10,7,8,SetSSID,8,,[],.scratch/dji-fly-fc-audit-20260903/v1.21.10/jadx/sources/uav/midware/data/config/P3/CmdSet.java,1449,0,0
1.21.10,7,9,GetSignalPush,9,DataWifiGetPushSignal,"[""false"",""DataWifiGetPushSignal.class""]",.scratch/dji-fly-fc-audit-20260903/v1.21.10/jadx/sources/uav/midware/data/config/P3/CmdSet.java,1450,0,0
1.21.10,7,16,SetWifiFrequency,16,,[],.scratch/dji-fly-fc-audit-20260903/v1.21.10/jadx/sources/uav/midware/data/config/P3/CmdSet.java,1451,0,0
1.21.10,7,14,GetPassword,14,,[],.scratch/dji-fly-fc-audit-20260903/v1.21.10/jadx/sources/uav/midware/data/config/P3/CmdSet.java,1452,0,0
1.21.10,7,13,SetPassword,13,,[],.scratch/dji-fly-fc-audit-20260903/v1.21.10/jadx/sources/uav/midware/data/config/P3/CmdSet.java,1453,0,0
1.21.10,7,17,GetPushFirstAppMac,17,DataWifiGetPushFirstAppMac,"[""false"",""DataWifiGetPushFirstAppMac.class""]",.scratch/dji-fly-fc-audit-20260903/v1.21.10/jadx/sources/uav/midware/data/config/P3/CmdSet.java,1454,0,0
1.21.10,7,18,GetPushElectricSignal,18,DataWifiGetPushElecSignal,"[""false"",""DataWifiGetPushElecSignal.class""]",.scratch/dji-fly-fc-audit-20260903/v1.21.10/jadx/sources/uav/midware/data/config/P3/CmdSet.java,1455,0,0
1.21.10,7,19,SetPowerMode,19,,[],.scratch/dji-fly-fc-audit-20260903/v1.21.10/jadx/sources/uav/midware/data/config/P3/CmdSet.java,1456,0,0
1.21.10,7,21,RestartWifi,21,,[],.scratch/dji-fly-fc-audit-20260903/v1.21.10/jadx/sources/uav/midware/data/config/P3/CmdSet.java,1457,0,0
1.21.10,7,22,SetSelectionMode,22,,[],.scratch/dji-fly-fc-audit-20260903/v1.21.10/jadx/sources/uav/midware/data/config/P3/CmdSet.java,1458,0,0
1.21.10,7,23,GetSelectionMode,23,,[],.scratch/dji-fly-fc-audit-20260903/v1.21.10/jadx/sources/uav/midware/data/config/P3/CmdSet.java,1459,0,0
1.21.10,7,25,GetCountryCode,25,,[],.scratch/dji-fly-fc-audit-20260903/v1.21.10/jadx/sources/uav/midware/data/config/P3/CmdSet.java,1460,0,0
1.21.10,7,32,GetWifiFrequency,32,,[],.scratch/dji-fly-fc-audit-20260903/v1.21.10/jadx/sources/uav/midware/data/config/P3/CmdSet.java,1461,0,0
1.21.10,7,38,SetNoiseCheckAdapt,38,,[],.scratch/dji-fly-fc-audit-20260903/v1.21.10/jadx/sources/uav/midware/data/config/P3/CmdSet.java,1462,0,0
1.21.10,7,39,SwitchSDR,39,,[],.scratch/dji-fly-fc-audit-20260903/v1.21.10/jadx/sources/uav/midware/data/config/P3/CmdSet.java,1463,0,0
1.21.10,7,40,GetChannelList,40,,[],.scratch/dji-fly-fc-audit-20260903/v1.21.10/jadx/sources/uav/midware/data/config/P3/CmdSet.java,1464,0,0
1.21.10,7,41,SetSweepFrequency,41,,[],.scratch/dji-fly-fc-audit-20260903/v1.21.10/jadx/sources/uav/midware/data/config/P3/CmdSet.java,1465,0,0
1.21.10,7,42,GetPushSweepFrequency,42,DataWifiGetPushSweepFrequency,"[""false"",""DataWifiGetPushSweepFrequency.class""]",.scratch/dji-fly-fc-audit-20260903/v1.21.10/jadx/sources/uav/midware/data/config/P3/CmdSet.java,1466,0,0
1.21.10,7,43,SetWifiModeChannel,43,,[],.scratch/dji-fly-fc-audit-20260903/v1.21.10/jadx/sources/uav/midware/data/config/P3/CmdSet.java,1467,0,0
1.21.10,7,44,SetWifiCodeRate,44,,[],.scratch/dji-fly-fc-audit-20260903/v1.21.10/jadx/sources/uav/midware/data/config/P3/CmdSet.java,1468,0,0
1.21.10,7,45,GetWifiCurCodeRate,45,,[],.scratch/dji-fly-fc-audit-20260903/v1.21.10/jadx/sources/uav/midware/data/config/P3/CmdSet.java,1469,0,0
1.21.10,7,46,SetWifiFreq5GMode,46,,[],.scratch/dji-fly-fc-audit-20260903/v1.21.10/jadx/sources/uav/midware/data/config/P3/CmdSet.java,1470,0,0
1.21.10,7,47,GetWifiFreqMode,47,,[],.scratch/dji-fly-fc-audit-20260903/v1.21.10/jadx/sources/uav/midware/data/config/P3/CmdSet.java,1471,0,0
1.21.10,7,48,SetWiFiCountryCode,48,,[],.scratch/dji-fly-fc-audit-20260903/v1.21.10/jadx/sources/uav/midware/data/config/P3/CmdSet.java,1472,0,0
1.21.10,7,51,IsSupportCountryCode,51,,[],.scratch/dji-fly-fc-audit-20260903/v1.21.10/jadx/sources/uav/midware/data/config/P3/CmdSet.java,1473,0,0
1.21.10,7,41,RequestSnrPush,41,,[],.scratch/dji-fly-fc-audit-20260903/v1.21.10/jadx/sources/uav/midware/data/config/P3/CmdSet.java,1474,0,0
1.21.10,7,65,OpenWifi,65,,[],.scratch/dji-fly-fc-audit-20260903/v1.21.10/jadx/sources/uav/midware/data/config/P3/CmdSet.java,1475,0,0
1.21.10,7,128,GetPushLog,128,DataWifiGetPushLog,"[""false"",""DataWifiGetPushLog.class""]",.scratch/dji-fly-fc-audit-20260903/v1.21.10/jadx/sources/uav/midware/data/config/P3/CmdSet.java,1476,0,0
1.21.10,7,130,GetPushMasterSlaveStatus,130,DataWifiGetPushMasterSlaveStatus,"[""false"",""DataWifiGetPushMasterSlaveStatus.class""]",.scratch/dji-fly-fc-audit-20260903/v1.21.10/jadx/sources/uav/midware/data/config/P3/CmdSet.java,1477,0,0
1.21.10,7,131,SetMasterSlaveAuthCode,131,,[],.scratch/dji-fly-fc-audit-20260903/v1.21.10/jadx/sources/uav/midware/data/config/P3/CmdSet.java,1478,0,0
1.21.10,7,132,ScanMasterList,132,,[],.scratch/dji-fly-fc-audit-20260903/v1.21.10/jadx/sources/uav/midware/data/config/P3/CmdSet.java,1479,0,0
1.21.10,7,133,ConnectMasterWithIdAuthCode,133,,[],.scratch/dji-fly-fc-audit-20260903/v1.21.10/jadx/sources/uav/midware/data/config/P3/CmdSet.java,1480,0,0
1.21.10,7,137,GetAuthCode,137,,[],.scratch/dji-fly-fc-audit-20260903/v1.21.10/jadx/sources/uav/midware/data/config/P3/CmdSet.java,1481,0,0
1.21.10,7,139,GetPushMSErrorInfo,139,DataWifiGetPushMSErrorInfo,"[""false"",""DataWifiGetPushMSErrorInfo.class""]",.scratch/dji-fly-fc-audit-20260903/v1.21.10/jadx/sources/uav/midware/data/config/P3/CmdSet.java,1482,0,0
1.21.10,7,170,GetPushWifiComplexInfo,170,DataWifiGetPushWifiComplexInfo,"[""false"",""DataWifiGetPushWifiComplexInfo.class""]",.scratch/dji-fly-fc-audit-20260903/v1.21.10/jadx/sources/uav/midware/data/config/P3/CmdSet.java,1483,0,0
1.21.10,7,511,Other,511,,[],.scratch/dji-fly-fc-audit-20260903/v1.21.10/jadx/sources/uav/midware/data/config/P3/CmdSet.java,1484,1,0
1.21.10,8,1,SetGParams,1,,[],.scratch/dji-fly-fc-audit-20260903/v1.21.10/jadx/sources/uav/midware/data/config/P3/CmdSet.java,1580,0,0
1.21.10,8,2,GetGParams,2,,[],.scratch/dji-fly-fc-audit-20260903/v1.21.10/jadx/sources/uav/midware/data/config/P3/CmdSet.java,1581,0,0
1.21.10,8,3,SetParams,3,,[],.scratch/dji-fly-fc-audit-20260903/v1.21.10/jadx/sources/uav/midware/data/config/P3/CmdSet.java,1582,0,0
1.21.10,8,4,GetParams,4,,[],.scratch/dji-fly-fc-audit-20260903/v1.21.10/jadx/sources/uav/midware/data/config/P3/CmdSet.java,1583,0,0
1.21.10,8,6,GetPushStatus,6,DataDm368GetPushStatus,"[""false"",""DataDm368GetPushStatus.class""]",.scratch/dji-fly-fc-audit-20260903/v1.21.10/jadx/sources/uav/midware/data/config/P3/CmdSet.java,1584,0,0
1.21.10,8,32,SetWifiCodeRate,32,,[],.scratch/dji-fly-fc-audit-20260903/v1.21.10/jadx/sources/uav/midware/data/config/P3/CmdSet.java,1585,0,0
1.21.10,8,33,GetWifiCurCodeRate,33,,[],.scratch/dji-fly-fc-audit-20260903/v1.21.10/jadx/sources/uav/midware/data/config/P3/CmdSet.java,1586,0,0
1.21.10,8,48,SetForesightShowed,48,,[],.scratch/dji-fly-fc-audit-20260903/v1.21.10/jadx/sources/uav/midware/data/config/P3/CmdSet.java,1587,0,0
1.21.10,8,49,GetForesightShowed,49,,[],.scratch/dji-fly-fc-audit-20260903/v1.21.10/jadx/sources/uav/midware/data/config/P3/CmdSet.java,1588,0,0
1.21.10,8,65,SetVideoTransferFormat,65,,[],.scratch/dji-fly-fc-audit-20260903/v1.21.10/jadx/sources/uav/midware/data/config/P3/CmdSet.java,1589,0,0
1.21.10,8,96,SetActiveTrackCamera,96,,[],.scratch/dji-fly-fc-audit-20260903/v1.21.10/jadx/sources/uav/midware/data/config/P3/CmdSet.java,1590,0,0
1.21.10,8,97,SetVideoCameras,97,,[],.scratch/dji-fly-fc-audit-20260903/v1.21.10/jadx/sources/uav/midware/data/config/P3/CmdSet.java,1591,0,0
1.21.10,8,98,PushLiveVideoStatus,98,DataDm368PushLiveVideoStatus,"[""false"",""DataDm368PushLiveVideoStatus.class""]",.scratch/dji-fly-fc-audit-20260903/v1.21.10/jadx/sources/uav/midware/data/config/P3/CmdSet.java,1592,0,0
1.21.10,8,99,SetCurrentCamera,99,,[],.scratch/dji-fly-fc-audit-20260903/v1.21.10/jadx/sources/uav/midware/data/config/P3/CmdSet.java,1593,0,0
1.21.10,8,511,Other,511,,[],.scratch/dji-fly-fc-audit-20260903/v1.21.10/jadx/sources/uav/midware/data/config/P3/CmdSet.java,1594,1,0
1.21.10,9,1,GetPushCommon,1,DataOsdGetPushCommon,"[""false"",""DataOsdGetPushCommon.class""]",.scratch/dji-fly-fc-audit-20260903/v1.21.10/jadx/sources/uav/midware/data/config/P3/CmdSet.java,1683,0,0
1.21.10,9,2,GetPushHome,2,DataOsdGetPushHome,"[""false"",""DataOsdGetPushHome.class""]",.scratch/dji-fly-fc-audit-20260903/v1.21.10/jadx/sources/uav/midware/data/config/P3/CmdSet.java,1684,0,0
1.21.10,9,3,GetPushBasebandState,3,,"[""false"",""null""]",.scratch/dji-fly-fc-audit-20260903/v1.21.10/jadx/sources/uav/midware/data/config/P3/CmdSet.java,1685,0,0
1.21.10,9,4,SetFPGA,4,,[],.scratch/dji-fly-fc-audit-20260903/v1.21.10/jadx/sources/uav/midware/data/config/P3/CmdSet.java,1686,0,0
1.21.10,9,5,GetFPGA,5,,[],.scratch/dji-fly-fc-audit-20260903/v1.21.10/jadx/sources/uav/midware/data/config/P3/CmdSet.java,1687,0,0
1.21.10,9,8,GetPushSignalQuality,8,DataOsdGetPushSignalQuality,"[""false"",""DataOsdGetPushSignalQuality.class""]",.scratch/dji-fly-fc-audit-20260903/v1.21.10/jadx/sources/uav/midware/data/config/P3/CmdSet.java,1688,0,0
1.21.10,9,9,SetSweepFrequency,9,,[],.scratch/dji-fly-fc-audit-20260903/v1.21.10/jadx/sources/uav/midware/data/config/P3/CmdSet.java,1689,0,0
1.21.10,9,10,GetPushSweepFrequency,10,DataOsdGetPushSweepFrequency,"[""false"",""DataOsdGetPushSweepFrequency.class""]",.scratch/dji-fly-fc-audit-20260903/v1.21.10/jadx/sources/uav/midware/data/config/P3/CmdSet.java,1690,0,0
1.21.10,9,11,GetPushDevicesState,11,DataOsdGetPushDevicesState,"[""false"",""DataOsdGetPushDevicesState.class""]",.scratch/dji-fly-fc-audit-20260903/v1.21.10/jadx/sources/uav/midware/data/config/P3/CmdSet.java,1691,0,0
1.21.10,9,12,GetPushConfig,12,DataOsdGetPushConfig,"[""false"",""true"",""DataOsdGetPushConfig.class""]",.scratch/dji-fly-fc-audit-20260903/v1.21.10/jadx/sources/uav/midware/data/config/P3/CmdSet.java,1692,0,0
1.21.10,9,13,SetConfig,13,,[],.scratch/dji-fly-fc-audit-20260903/v1.21.10/jadx/sources/uav/midware/data/config/P3/CmdSet.java,1693,0,0
1.21.10,9,14,SetUsbTransform,14,,[],.scratch/dji-fly-fc-audit-20260903/v1.21.10/jadx/sources/uav/midware/data/config/P3/CmdSet.java,1694,0,0
1.21.10,9,16,SetUpgradeTip,16,,[],.scratch/dji-fly-fc-audit-20260903/v1.21.10/jadx/sources/uav/midware/data/config/P3/CmdSet.java,1695,0,0
1.21.10,9,17,GetPushChannelStatus,17,DataOsdGetPushChannalStatus,"[""false"",""DataOsdGetPushChannalStatus.class""]",.scratch/dji-fly-fc-audit-20260903/v1.21.10/jadx/sources/uav/midware/data/config/P3/CmdSet.java,1696,0,0
1.21.10,9,20,SetMaxMcs,20,,[],.scratch/dji-fly-fc-audit-20260903/v1.21.10/jadx/sources/uav/midware/data/config/P3/CmdSet.java,1697,0,0
1.21.10,9,21,GetPushMaxMcs,21,DataOsdGetPushMaxMcs,"[""false"",""DataOsdGetPushMaxMcs.class""]",.scratch/dji-fly-fc-audit-20260903/v1.21.10/jadx/sources/uav/midware/data/config/P3/CmdSet.java,1698,0,0
1.21.10,9,22,GetPushDebugInfo,22,DataOsdGetPushDebugInfo,"[""false"",""DataOsdGetPushDebugInfo.class""]",.scratch/dji-fly-fc-audit-20260903/v1.21.10/jadx/sources/uav/midware/data/config/P3/CmdSet.java,1699,0,0
1.21.10,9,32,GetPushSdrSweepFrequency,32,DataOsdGetPushSdrSweepFrequency,"[""false"",""DataOsdGetPushSdrSweepFrequency.class""]",.scratch/dji-fly-fc-audit-20260903/v1.21.10/jadx/sources/uav/midware/data/config/P3/CmdSet.java,1700,0,0
1.21.10,9,33,GetSdrConfig,33,,[],.scratch/dji-fly-fc-audit-20260903/v1.21.10/jadx/sources/uav/midware/data/config/P3/CmdSet.java,1701,0,0
1.21.10,9,34,GetPushSdrConfigInfo,34,DataOsdGetPushSdrConfigInfo,"[""false"",""DataOsdGetPushSdrConfigInfo.class""]",.scratch/dji-fly-fc-audit-20260903/v1.21.10/jadx/sources/uav/midware/data/config/P3/CmdSet.java,1702,0,0
1.21.10,9,35,SetSdrStatus,35,,[],.scratch/dji-fly-fc-audit-20260903/v1.21.10/jadx/sources/uav/midware/data/config/P3/CmdSet.java,1703,0,0
1.21.10,9,36,GetPushSdrStatusInfo,36,DataOsdGetPushSdrStatusInfo,"[""false"",""DataOsdGetPushSdrStatusInfo.class""]",.scratch/dji-fly-fc-audit-20260903/v1.21.10/jadx/sources/uav/midware/data/config/P3/CmdSet.java,1704,0,0
1.21.10,9,37,GetPushSdrStatusGroundInfo,37,DataOsdGetPushSdrStatusGroundInfo,"[""false"",""DataOsdGetPushSdrStatusGroundInfo.class""]",.scratch/dji-fly-fc-audit-20260903/v1.21.10/jadx/sources/uav/midware/data/config/P3/CmdSet.java,1705,0,0
1.21.10,9,38,SetSdrAssitantRead,38,,[],.scratch/dji-fly-fc-audit-20260903/v1.21.10/jadx/sources/uav/midware/data/config/P3/CmdSet.java,1706,0,0
1.21.10,9,39,SetSdrAssitantWrite,39,,[],.scratch/dji-fly-fc-audit-20260903/v1.21.10/jadx/sources/uav/midware/data/config/P3/CmdSet.java,1707,0,0
1.21.10,9,40,SetSdrStartLog,40,,[],.scratch/dji-fly-fc-audit-20260903/v1.21.10/jadx/sources/uav/midware/data/config/P3/CmdSet.java,1708,0,0
1.21.10,9,41,GetPushSdrUpwardSweepFrequency,41,DataOsdGetPushSdrUpwardSweepFrequency,"[""false"",""DataOsdGetPushSdrUpwardSweepFrequency.class""]",.scratch/dji-fly-fc-audit-20260903/v1.21.10/jadx/sources/uav/midware/data/config/P3/CmdSet.java,1709,0,0
1.21.10,9,42,GetPushSdrUpwardSelectChannel,42,DataOsdGetPushSdrUpwardSelectChannel,"[""false"",""DataOsdGetPushSdrUpwardSelectChannel.class""]",.scratch/dji-fly-fc-audit-20260903/v1.21.10/jadx/sources/uav/midware/data/config/P3/CmdSet.java,1710,0,0
1.21.10,9,43,SetReverseLink,43,,[],.scratch/dji-fly-fc-audit-20260903/v1.21.10/jadx/sources/uav/midware/data/config/P3/CmdSet.java,1711,0,0
1.21.10,9,44,calibrationAmt,44,,[],.scratch/dji-fly-fc-audit-20260903/v1.21.10/jadx/sources/uav/midware/data/config/P3/CmdSet.java,1712,0,0
1.21.10,9,45,GetSdrLBT,45,,[],.scratch/dji-fly-fc-audit-20260903/v1.21.10/jadx/sources/uav/midware/data/config/P3/CmdSet.java,1713,0,0
1.21.10,9,46,SetSdrLBT,46,,[],.scratch/dji-fly-fc-audit-20260903/v1.21.10/jadx/sources/uav/midware/data/config/P3/CmdSet.java,1714,0,0
1.21.10,9,48,GetPushWirelessState,48,DataOsdGetPushWirelessState,"[""false"",""DataOsdGetPushWirelessState.class""]",.scratch/dji-fly-fc-audit-20260903/v1.21.10/jadx/sources/uav/midware/data/config/P3/CmdSet.java,1715,0,0
1.21.10,9,52,SetSDRImageTransmissionMode,52,,[],.scratch/dji-fly-fc-audit-20260903/v1.21.10/jadx/sources/uav/midware/data/config/P3/CmdSet.java,1716,0,0
1.21.10,9,53,GetSDRImageTransmissionMode,53,,[],.scratch/dji-fly-fc-audit-20260903/v1.21.10/jadx/sources/uav/midware/data/config/P3/CmdSet.java,1717,0,0
1.21.10,9,54,GetSDRPushCustomCodeRate,54,DataOsdGetSDRPushCustomCodeRate,"[""false"",""DataOsdGetSDRPushCustomCodeRate.class""]",.scratch/dji-fly-fc-audit-20260903/v1.21.10/jadx/sources/uav/midware/data/config/P3/CmdSet.java,1718,0,0
1.21.10,9,55,GetHdtvPushException,55,DataOsdGetHdvtPushException,"[""false"",""DataOsdGetHdvtPushException.class""]",.scratch/dji-fly-fc-audit-20260903/v1.21.10/jadx/sources/uav/midware/data/config/P3/CmdSet.java,1719,0,0
1.21.10,9,57,SetSDRConfigInfo,57,,[],.scratch/dji-fly-fc-audit-20260903/v1.21.10/jadx/sources/uav/midware/data/config/P3/CmdSet.java,1720,0,0
1.21.10,9,58,GetPushSDRNfParams,58,DataOsdGetPushSDRNfParams,"[""false"",""DataOsdGetPushSDRNfParams.class""]",.scratch/dji-fly-fc-audit-20260903/v1.21.10/jadx/sources/uav/midware/data/config/P3/CmdSet.java,1721,0,0
1.21.10,9,59,GetPushSDRBarDisturb,59,DataOsdGetPushSDRBarInterference,"[""false"",""DataOsdGetPushSDRBarInterference.class""]",.scratch/dji-fly-fc-audit-20260903/v1.21.10/jadx/sources/uav/midware/data/config/P3/CmdSet.java,1722,0,0
1.21.10,9,60,SetSDRForceBoost,60,,[],.scratch/dji-fly-fc-audit-20260903/v1.21.10/jadx/sources/uav/midware/data/config/P3/CmdSet.java,1723,0,0
1.21.10,9,67,GetPushLinkMode,67,DataOsdGetPushSdrLinkMode,"[""false"",""DataOsdGetPushSdrLinkMode.class""]",.scratch/dji-fly-fc-audit-20260903/v1.21.10/jadx/sources/uav/midware/data/config/P3/CmdSet.java,1724,0,0
1.21.10,9,68,SetSdrLinkMode,68,,[],.scratch/dji-fly-fc-audit-20260903/v1.21.10/jadx/sources/uav/midware/data/config/P3/CmdSet.java,1725,0,0
1.21.10,9,80,SetLED,80,,[],.scratch/dji-fly-fc-audit-20260903/v1.21.10/jadx/sources/uav/midware/data/config/P3/CmdSet.java,1726,0,0
1.21.10,9,81,SetPower,81,,[],.scratch/dji-fly-fc-audit-20260903/v1.21.10/jadx/sources/uav/midware/data/config/P3/CmdSet.java,1727,0,0
1.21.10,9,82,GetPushPowerStatus,82,DataOsdGetPushPowerStatus,"[""false"",""DataOsdGetPushPowerStatus.class""]",.scratch/dji-fly-fc-audit-20260903/v1.21.10/jadx/sources/uav/midware/data/config/P3/CmdSet.java,1728,0,0
1.21.10,9,87,SetMicGain,87,,[],.scratch/dji-fly-fc-audit-20260903/v1.21.10/jadx/sources/uav/midware/data/config/P3/CmdSet.java,1729,0,0
1.21.10,9,88,GetMicGain,88,,[],.scratch/dji-fly-fc-audit-20260903/v1.21.10/jadx/sources/uav/midware/data/config/P3/CmdSet.java,1730,0,0
1.21.10,9,89,GetPushMicInfo,89,DataOsdGetPushMicInfo,"[""false"",""DataOsdGetPushMicInfo.class""]",.scratch/dji-fly-fc-audit-20260903/v1.21.10/jadx/sources/uav/midware/data/config/P3/CmdSet.java,1731,0,0
1.21.10,9,98,GetMicEnable,98,,[],.scratch/dji-fly-fc-audit-20260903/v1.21.10/jadx/sources/uav/midware/data/config/P3/CmdSet.java,1732,0,0
1.21.10,9,99,SetMicEnable,99,,[],.scratch/dji-fly-fc-audit-20260903/v1.21.10/jadx/sources/uav/midware/data/config/P3/CmdSet.java,1733,0,0
1.21.10,9,101,SendRtcmPack,101,,[],.scratch/dji-fly-fc-audit-20260903/v1.21.10/jadx/sources/uav/midware/data/config/P3/CmdSet.java,1734,0,0
1.21.10,9,105,GetSdrUplinkBandwidth,105,,[],.scratch/dji-fly-fc-audit-20260903/v1.21.10/jadx/sources/uav/midware/data/config/P3/CmdSet.java,1735,0,0
1.21.10,9,117,PushLinkState,117,DataOsdPushLinkQuality,"[""false"",""DataOsdPushLinkQuality.class""]",.scratch/dji-fly-fc-audit-20260903/v1.21.10/jadx/sources/uav/midware/data/config/P3/CmdSet.java,1736,0,0
1.21.10,9,129,GetPushSdrLteStatus,129,DataOsdGetPushSdrLteStatus,"[""false"",""DataOsdGetPushSdrLteStatus.class""]",.scratch/dji-fly-fc-audit-20260903/v1.21.10/jadx/sources/uav/midware/data/config/P3/CmdSet.java,1737,0,0
1.21.10,9,130,SwitchSetSdrOrLte,130,,[],.scratch/dji-fly-fc-audit-20260903/v1.21.10/jadx/sources/uav/midware/data/config/P3/CmdSet.java,1738,0,0
1.21.10,9,160,SyncSssfn,160,,[],.scratch/dji-fly-fc-audit-20260903/v1.21.10/jadx/sources/uav/midware/data/config/P3/CmdSet.java,1739,0,0
1.21.10,9,240,SetDebugVideo,240,,[],.scratch/dji-fly-fc-audit-20260903/v1.21.10/jadx/sources/uav/midware/data/config/P3/CmdSet.java,1740,0,0
1.21.10,9,511,Other,511,,[],.scratch/dji-fly-fc-audit-20260903/v1.21.10/jadx/sources/uav/midware/data/config/P3/CmdSet.java,1741,1,0
1.21.10,10,1,GetEyePushLog,1,DataEyeGetPushLog,"[""false"",""DataEyeGetPushLog.class""]",.scratch/dji-fly-fc-audit-20260903/v1.21.10/jadx/sources/uav/midware/data/config/P3/CmdSet.java,1841,0,0
1.21.10,10,6,GetPushAvoidance,6,DataEyeGetPushAvoidanceParam,"[""false"",""DataEyeGetPushAvoidanceParam.class""]",.scratch/dji-fly-fc-audit-20260903/v1.21.10/jadx/sources/uav/midware/data/config/P3/CmdSet.java,1842,0,0
1.21.10,10,7,GetPushFrontAvoidance,7,DataEyeGetPushFrontAvoidance,"[""false"",""DataEyeGetPushFrontAvoidance.class""]",.scratch/dji-fly-fc-audit-20260903/v1.21.10/jadx/sources/uav/midware/data/config/P3/CmdSet.java,1843,0,0
1.21.10,10,160,GetPushOmniAvoidance,160,DataEyeGetPushOmniAvoidance,"[""false"",""DataEyeGetPushOmniAvoidance.class""]",.scratch/dji-fly-fc-audit-20260903/v1.21.10/jadx/sources/uav/midware/data/config/P3/CmdSet.java,1844,0,0
1.21.10,10,162,GetPushPalmControlNotification,162,DataEyeGetPushPalmControlNotification,"[""false"",""DataEyeGetPushPalmControlNotification.class""]",.scratch/dji-fly-fc-audit-20260903/v1.21.10/jadx/sources/uav/midware/data/config/P3/CmdSet.java,1845,0,0
1.21.10,10,163,GetSmartCaptureStatisticsData,163,,[],.scratch/dji-fly-fc-audit-20260903/v1.21.10/jadx/sources/uav/midware/data/config/P3/CmdSet.java,1846,0,0
1.21.10,10,8,GetPushPointAvoidance,8,DataEyeGetPushPointAvoidance,"[""false"",""DataEyeGetPushPointAvoidance.class""]",.scratch/dji-fly-fc-audit-20260903/v1.21.10/jadx/sources/uav/midware/data/config/P3/CmdSet.java,1847,0,0
1.21.10,10,9,DebugCtrlParam,9,,[],.scratch/dji-fly-fc-audit-20260903/v1.21.10/jadx/sources/uav/midware/data/config/P3/CmdSet.java,1848,0,0
1.21.10,10,13,GetPushTrackLog,13,DataEyeGetPushTrackLog,"[""false"",""DataEyeGetPushTrackLog.class""]",.scratch/dji-fly-fc-audit-20260903/v1.21.10/jadx/sources/uav/midware/data/config/P3/CmdSet.java,1849,0,0
1.21.10,10,14,GetPushPointLog,14,DataEyeGetPushPointLog,"[""false"",""DataEyeGetPushPointLog.class""]",.scratch/dji-fly-fc-audit-20260903/v1.21.10/jadx/sources/uav/midware/data/config/P3/CmdSet.java,1850,0,0
1.21.10,10,19,GetPushTrajectory,19,DataEyeGetPushTrajectory,"[""false"",""DataEyeGetPushTrajectory.class""]",.scratch/dji-fly-fc-audit-20260903/v1.21.10/jadx/sources/uav/midware/data/config/P3/CmdSet.java,1851,0,0
1.21.10,10,20,GetPushUAVState,20,DataEyeGetPushUAVState,"[""false"",""DataEyeGetPushUAVState.class""]",.scratch/dji-fly-fc-audit-20260903/v1.21.10/jadx/sources/uav/midware/data/config/P3/CmdSet.java,1852,0,0
1.21.10,10,22,GetHandGestureEnabled,22,,[],.scratch/dji-fly-fc-audit-20260903/v1.21.10/jadx/sources/uav/midware/data/config/P3/CmdSet.java,1853,0,0
1.21.10,10,23,SetHandGestureEnabled,23,,[],.scratch/dji-fly-fc-audit-20260903/v1.21.10/jadx/sources/uav/midware/data/config/P3/CmdSet.java,1854,0,0
1.21.10,10,24,GetPushObjectDetect,24,DataEyeObjectDetectionPushInfo,"[""false"",""DataEyeObjectDetectionPushInfo.class""]",.scratch/dji-fly-fc-audit-20260903/v1.21.10/jadx/sources/uav/midware/data/config/P3/CmdSet.java,1855,0,0
1.21.10,10,25,GetPushFlatCheck,25,DataEyeGetPushFlatCheck,"[""false"",""DataEyeGetPushFlatCheck.class""]",.scratch/dji-fly-fc-audit-20260903/v1.21.10/jadx/sources/uav/midware/data/config/P3/CmdSet.java,1856,0,0
1.21.10,10,29,FixedWingCtrl,29,,[],.scratch/dji-fly-fc-audit-20260903/v1.21.10/jadx/sources/uav/midware/data/config/P3/CmdSet.java,1857,0,0
1.21.10,10,30,GetPushFixWingState,30,DataEyeGetPushFixedWingState,"[""false"",""DataEyeGetPushFixedWingState.class""]",.scratch/dji-fly-fc-audit-20260903/v1.21.10/jadx/sources/uav/midware/data/config/P3/CmdSet.java,1858,0,0
1.21.10,10,32,SetTrackSelect,32,,[],.scratch/dji-fly-fc-audit-20260903/v1.21.10/jadx/sources/uav/midware/data/config/P3/CmdSet.java,1859,0,0
1.21.10,10,33,CtrlTrackSelect,33,,[],.scratch/dji-fly-fc-audit-20260903/v1.21.10/jadx/sources/uav/midware/data/config/P3/CmdSet.java,1860,0,0
1.21.10,10,34,MoveTrackSelect,34,,[],.scratch/dji-fly-fc-audit-20260903/v1.21.10/jadx/sources/uav/midware/data/config/P3/CmdSet.java,1861,0,0
1.21.10,10,35,GetPushTrackStatus,35,DataEyeGetPushTrackStatus,"[""false"",""DataEyeGetPushTrackStatus.class""]",.scratch/dji-fly-fc-audit-20260903/v1.21.10/jadx/sources/uav/midware/data/config/P3/CmdSet.java,1862,0,0
1.21.10,10,36,SetPointPos,36,,[],.scratch/dji-fly-fc-audit-20260903/v1.21.10/jadx/sources/uav/midware/data/config/P3/CmdSet.java,1863,0,0
1.21.10,10,37,SetFlyYaw,37,,[],.scratch/dji-fly-fc-audit-20260903/v1.21.10/jadx/sources/uav/midware/data/config/P3/CmdSet.java,1864,0,0
1.21.10,10,38,GetPushPointState,38,DataEyeGetPushPointState,"[""false"",""DataEyeGetPushPointState.class""]",.scratch/dji-fly-fc-audit-20260903/v1.21.10/jadx/sources/uav/midware/data/config/P3/CmdSet.java,1865,0,0
1.21.10,10,39,CommonCtrl,39,,[],.scratch/dji-fly-fc-audit-20260903/v1.21.10/jadx/sources/uav/midware/data/config/P3/CmdSet.java,1866,0,0
1.21.10,10,40,GetParams,40,,[],.scratch/dji-fly-fc-audit-20260903/v1.21.10/jadx/sources/uav/midware/data/config/P3/CmdSet.java,1867,0,0
1.21.10,10,41,SetParam,41,,[],.scratch/dji-fly-fc-audit-20260903/v1.21.10/jadx/sources/uav/midware/data/config/P3/CmdSet.java,1868,0,0
1.21.10,10,42,GetPushException,42,DataEyeGetPushException,"[""false"",""DataEyeGetPushException.class""]",.scratch/dji-fly-fc-audit-20260903/v1.21.10/jadx/sources/uav/midware/data/config/P3/CmdSet.java,1869,0,0
1.21.10,10,46,GetPushFunctionList,46,DataEyeGetPushFunctionList,"[""false"",""DataEyeGetPushFunctionList.class""]",.scratch/dji-fly-fc-audit-20260903/v1.21.10/jadx/sources/uav/midware/data/config/P3/CmdSet.java,1870,0,0
1.21.10,10,47,GetPushSensorException,47,DataEyeGetPushSensorException,"[""false"",""DataEyeGetPushSensorException.class""]",.scratch/dji-fly-fc-audit-20260903/v1.21.10/jadx/sources/uav/midware/data/config/P3/CmdSet.java,1871,0,0
1.21.10,10,48,EasySelfCal,48,,[],.scratch/dji-fly-fc-audit-20260903/v1.21.10/jadx/sources/uav/midware/data/config/P3/CmdSet.java,1872,0,0
1.21.10,10,49,SendTrackingUserLocation,49,,[],.scratch/dji-fly-fc-audit-20260903/v1.21.10/jadx/sources/uav/midware/data/config/P3/CmdSet.java,1873,0,0
1.21.10,10,50,GetPushEasySelfCal,50,DataEyeGetPushEasySelfCalibration,"[""false"",""DataEyeGetPushEasySelfCalibration.class""]",.scratch/dji-fly-fc-audit-20260903/v1.21.10/jadx/sources/uav/midware/data/config/P3/CmdSet.java,1874,0,0
1.21.10,10,57,PushVisionTips,57,DataEyePushVisionTip,"[""false"",""DataEyePushVisionTip.class""]",.scratch/dji-fly-fc-audit-20260903/v1.21.10/jadx/sources/uav/midware/data/config/P3/CmdSet.java,1875,0,0
1.21.10,10,58,GetPushPreciseLandingEnergy,58,DataEyeGetPushPreciseLandingEnergy,"[""false"",""DataEyeGetPushPreciseLandingEnergy.class""]",.scratch/dji-fly-fc-audit-20260903/v1.21.10/jadx/sources/uav/midware/data/config/P3/CmdSet.java,1876,0,0
1.21.10,10,96,Stabilization,96,,[],.scratch/dji-fly-fc-audit-20260903/v1.21.10/jadx/sources/uav/midware/data/config/P3/CmdSet.java,1877,0,0
1.21.10,10,97,GetPushStabilizationState,97,DataEyeGetPushStabilizationState,"[""false"",""DataEyeGetPushStabilizationState.class""]",.scratch/dji-fly-fc-audit-20260903/v1.21.10/jadx/sources/uav/midware/data/config/P3/CmdSet.java,1878,0,0
1.21.10,10,98,AppState,98,,[],.scratch/dji-fly-fc-audit-20260903/v1.21.10/jadx/sources/uav/midware/data/config/P3/CmdSet.java,1879,0,0
1.21.10,10,59,SendDrawTrajectory,59,,[],.scratch/dji-fly-fc-audit-20260903/v1.21.10/jadx/sources/uav/midware/data/config/P3/CmdSet.java,1880,0,0
1.21.10,10,60,DrawOperation,60,,[],.scratch/dji-fly-fc-audit-20260903/v1.21.10/jadx/sources/uav/midware/data/config/P3/CmdSet.java,1881,0,0
1.21.10,10,61,GetPushDrawState,61,DataEyeGetPushDrawState,"[""false"",""DataEyeGetPushDrawState.class""]",.scratch/dji-fly-fc-audit-20260903/v1.21.10/jadx/sources/uav/midware/data/config/P3/CmdSet.java,1882,0,0
1.21.10,10,62,SetPseudoCameraControlMode,62,,[],.scratch/dji-fly-fc-audit-20260903/v1.21.10/jadx/sources/uav/midware/data/config/P3/CmdSet.java,1883,0,0
1.21.10,10,73,SendGPSInfo,73,,[],.scratch/dji-fly-fc-audit-20260903/v1.21.10/jadx/sources/uav/midware/data/config/P3/CmdSet.java,1884,0,0
1.21.10,10,74,SetQuickMovieParams,74,,[],.scratch/dji-fly-fc-audit-20260903/v1.21.10/jadx/sources/uav/midware/data/config/P3/CmdSet.java,1885,0,0
1.21.10,10,75,GetQuickMovieParams,75,,[],.scratch/dji-fly-fc-audit-20260903/v1.21.10/jadx/sources/uav/midware/data/config/P3/CmdSet.java,1886,0,0
1.21.10,10,77,GetPushPseudoCameraShotState,77,DataEyeGetPushPseudoCameraShotState,"[""false"",""DataEyeGetPushPseudoCameraShotState.class""]",.scratch/dji-fly-fc-audit-20260903/v1.21.10/jadx/sources/uav/midware/data/config/P3/CmdSet.java,1887,0,0
1.21.10,10,78,GetPushAdvancedPilotAssistantSystemState,78,DataEyeGetPushAdvancedPilotAssistantSystemState,"[""false"",""DataEyeGetPushAdvancedPilotAssistantSystemState.class""]",.scratch/dji-fly-fc-audit-20260903/v1.21.10/jadx/sources/uav/midware/data/config/P3/CmdSet.java,1888,0,0
1.21.10,10,84,GetPushPseudoCameraParams,84,DataEyeGetPushPseudoCameraParams,"[""false"",""DataEyeGetPushPseudoCameraParams.class""]",.scratch/dji-fly-fc-audit-20260903/v1.21.10/jadx/sources/uav/midware/data/config/P3/CmdSet.java,1889,0,0
1.21.10,10,86,SetPerceptionGesture,86,,[],.scratch/dji-fly-fc-audit-20260903/v1.21.10/jadx/sources/uav/midware/data/config/P3/CmdSet.java,1890,0,0
1.21.10,10,88,GetPerceptionGesture,88,,[],.scratch/dji-fly-fc-audit-20260903/v1.21.10/jadx/sources/uav/midware/data/config/P3/CmdSet.java,1891,0,0
1.21.10,10,87,GetPushPerceptionInformation,87,DataEyeGetPushPerceptionInformation,"[""false"",""DataEyeGetPushPerceptionInformation.class""]",.scratch/dji-fly-fc-audit-20260903/v1.21.10/jadx/sources/uav/midware/data/config/P3/CmdSet.java,1892,0,0
1.21.10,10,91,SetNavigationMode,91,,[],.scratch/dji-fly-fc-audit-20260903/v1.21.10/jadx/sources/uav/midware/data/config/P3/CmdSet.java,1893,0,0
1.21.10,10,107,SetPanoramaEnabled,107,,[],.scratch/dji-fly-fc-audit-20260903/v1.21.10/jadx/sources/uav/midware/data/config/P3/CmdSet.java,1894,0,0
1.21.10,10,108,GetPushPanoramaInformation,108,DataEyeGetPushPanoramaInformation,"[""false"",""DataEyeGetPushPanoramaInformation.class""]",.scratch/dji-fly-fc-audit-20260903/v1.21.10/jadx/sources/uav/midware/data/config/P3/CmdSet.java,1895,0,0
1.21.10,10,112,GetPushFaceDetectionTakeOffState,112,DataEyeGetPushFaceDetectionTakeOffState,"[""false"",""DataEyeGetPushFaceDetectionTakeOffState.class""]",.scratch/dji-fly-fc-audit-20260903/v1.21.10/jadx/sources/uav/midware/data/config/P3/CmdSet.java,1896,0,0
1.21.10,10,113,GetPushPalmControlState,113,DataEyeGetPushPalmControlState,"[""false"",""DataEyeGetPushPalmControlState.class""]",.scratch/dji-fly-fc-audit-20260903/v1.21.10/jadx/sources/uav/midware/data/config/P3/CmdSet.java,1897,0,0
1.21.10,10,121,GetPushTimeLapseOverallData,121,DataEyeGetPushTimeLapseOverallData,"[""false"",""DataEyeGetPushTimeLapseOverallData.class""]",.scratch/dji-fly-fc-audit-20260903/v1.21.10/jadx/sources/uav/midware/data/config/P3/CmdSet.java,1898,0,0
1.21.10,10,116,SetTimeLapseSubMode,116,,[],.scratch/dji-fly-fc-audit-20260903/v1.21.10/jadx/sources/uav/midware/data/config/P3/CmdSet.java,1899,0,0
1.21.10,10,124,SetTimeLapseLoadTask,124,,[],.scratch/dji-fly-fc-audit-20260903/v1.21.10/jadx/sources/uav/midware/data/config/P3/CmdSet.java,1900,0,0
1.21.10,10,117,GetPushTimeLapseKeyFrame,117,DataEyeGetPushTimeLapseKeyFrame,"[""false"",""DataEyeGetPushTimeLapseKeyFrame.class""]",.scratch/dji-fly-fc-audit-20260903/v1.21.10/jadx/sources/uav/midware/data/config/P3/CmdSet.java,1901,0,0
1.21.10,10,118,SetTimeLapseKeyFrame,118,,[],.scratch/dji-fly-fc-audit-20260903/v1.21.10/jadx/sources/uav/midware/data/config/P3/CmdSet.java,1902,0,0
1.21.10,10,119,GetTimeLapseKeyFrameInfoByIndex,119,,[],.scratch/dji-fly-fc-audit-20260903/v1.21.10/jadx/sources/uav/midware/data/config/P3/CmdSet.java,1903,0,0
1.21.10,10,120,SetTimeLapseStart,120,,[],.scratch/dji-fly-fc-audit-20260903/v1.21.10/jadx/sources/uav/midware/data/config/P3/CmdSet.java,1904,0,0
1.21.10,10,122,SetTimeLapseAction,122,,[],.scratch/dji-fly-fc-audit-20260903/v1.21.10/jadx/sources/uav/midware/data/config/P3/CmdSet.java,1905,0,0
1.21.10,10,123,SetTimeLapseParams,123,,[],.scratch/dji-fly-fc-audit-20260903/v1.21.10/jadx/sources/uav/midware/data/config/P3/CmdSet.java,1906,0,0
1.21.10,10,129,UavStatePushSwitch,129,,[],.scratch/dji-fly-fc-audit-20260903/v1.21.10/jadx/sources/uav/midware/data/config/P3/CmdSet.java,1907,0,0
1.21.10,10,130,CheckPointPosValid,130,,[],.scratch/dji-fly-fc-audit-20260903/v1.21.10/jadx/sources/uav/midware/data/config/P3/CmdSet.java,1908,0,0
1.21.10,10,148,StartMultiTracking,148,,[],.scratch/dji-fly-fc-audit-20260903/v1.21.10/jadx/sources/uav/midware/data/config/P3/CmdSet.java,1909,0,0
1.21.10,10,145,SmartEyeStatePushInformation,145,DataEyeSmartEyeStatePushInformation,"[""false"",""DataEyeSmartEyeStatePushInformation.class""]",.scratch/dji-fly-fc-audit-20260903/v1.21.10/jadx/sources/uav/midware/data/config/P3/CmdSet.java,1910,0,0
1.21.10,10,150,GetPushMultiTrackingState,150,DataEyeGetPushMultiTrackingState,"[""false"",""DataEyeGetPushMultiTrackingState.class""]",.scratch/dji-fly-fc-audit-20260903/v1.21.10/jadx/sources/uav/midware/data/config/P3/CmdSet.java,1911,0,0
1.21.10,10,151,StopMultiTracking,151,,[],.scratch/dji-fly-fc-audit-20260903/v1.21.10/jadx/sources/uav/midware/data/config/P3/CmdSet.java,1912,0,0
1.21.10,10,154,SelectSmartEyeTarget,154,,[],.scratch/dji-fly-fc-audit-20260903/v1.21.10/jadx/sources/uav/midware/data/config/P3/CmdSet.java,1913,0,0
1.21.10,10,155,SendPanoImus,155,,[],.scratch/dji-fly-fc-audit-20260903/v1.21.10/jadx/sources/uav/midware/data/config/P3/CmdSet.java,1914,0,0
1.21.10,10,155,SwitchSmartEyeScanFunction,155,,[],.scratch/dji-fly-fc-audit-20260903/v1.21.10/jadx/sources/uav/midware/data/config/P3/CmdSet.java,1915,0,0
1.21.10,10,131,GetPushPointPosValid,131,DataSingleGetPushPointPosValid,"[""false"",""DataSingleGetPushPointPosValid.class""]",.scratch/dji-fly-fc-audit-20260903/v1.21.10/jadx/sources/uav/midware/data/config/P3/CmdSet.java,1916,0,0
1.21.10,10,192,SetPOIStartWithGPS,192,,[],.scratch/dji-fly-fc-audit-20260903/v1.21.10/jadx/sources/uav/midware/data/config/P3/CmdSet.java,1917,0,0
1.21.10,10,193,SetPOIInitialTarget,193,,[],.scratch/dji-fly-fc-audit-20260903/v1.21.10/jadx/sources/uav/midware/data/config/P3/CmdSet.java,1918,0,0
1.21.10,10,194,GetPushPOITargetInformation,194,DataEyeGetPushPOITargetInformation,"[""false"",""DataEyeGetPushPOITargetInformation.class""]",.scratch/dji-fly-fc-audit-20260903/v1.21.10/jadx/sources/uav/midware/data/config/P3/CmdSet.java,1919,0,0
1.21.10,10,195,SetPOIAction,195,,[],.scratch/dji-fly-fc-audit-20260903/v1.21.10/jadx/sources/uav/midware/data/config/P3/CmdSet.java,1920,0,0
1.21.10,10,196,SetPOIParams,196,,[],.scratch/dji-fly-fc-audit-20260903/v1.21.10/jadx/sources/uav/midware/data/config/P3/CmdSet.java,1921,0,0
1.21.10,10,197,GetPushPOIExecutionParams,197,DataEyeGetPushPOIExecutionParams,"[""false"",""DataEyeGetPushPOIExecutionParams.class""]",.scratch/dji-fly-fc-audit-20260903/v1.21.10/jadx/sources/uav/midware/data/config/P3/CmdSet.java,1922,0,0
1.21.10,10,254,PushDebugErrorInfo,254,DataEyePushDebugErrorInfo,"[""false"",""DataEyePushDebugErrorInfo.class""]",.scratch/dji-fly-fc-audit-20260903/v1.21.10/jadx/sources/uav/midware/data/config/P3/CmdSet.java,1923,0,0
1.21.10,10,231,SetTrackingBox,231,,[],.scratch/dji-fly-fc-audit-20260903/v1.21.10/jadx/sources/uav/midware/data/config/P3/CmdSet.java,1924,0,0
1.21.10,10,233,GetPushAdvancedGoHomeInfo,233,DataEyeGetPushAdvancedGoHomeInfo,"[""false"",""DataEyeGetPushAdvancedGoHomeInfo.class""]",.scratch/dji-fly-fc-audit-20260903/v1.21.10/jadx/sources/uav/midware/data/config/P3/CmdSet.java,1925,0,0
1.21.10,10,234,PushAdvancedGoHomeNfzInfo,234,DataEyePushAdvancedGoHomeNfzInfo,"[""false"",""DataEyePushAdvancedGoHomeNfzInfo.class""]",.scratch/dji-fly-fc-audit-20260903/v1.21.10/jadx/sources/uav/midware/data/config/P3/CmdSet.java,1926,0,0
1.21.10,10,236,SetGoHomeAction,236,,[],.scratch/dji-fly-fc-audit-20260903/v1.21.10/jadx/sources/uav/midware/data/config/P3/CmdSet.java,1927,0,0
1.21.10,10,237,GoHomeCountDownMsg,237,DataEyePushGoHomeCountInfo,"[""false"",""DataEyePushGoHomeCountInfo.class""]",.scratch/dji-fly-fc-audit-20260903/v1.21.10/jadx/sources/uav/midware/data/config/P3/CmdSet.java,1928,0,0
1.21.10,10,242,MasterShotInfo,TbsListener.ErrorCode.TPATCH_ENABLE_EXCEPTION,DataEyePushMasterShotInfo,"[""false"",""DataEyePushMasterShotInfo.class""]",.scratch/dji-fly-fc-audit-20260903/v1.21.10/jadx/sources/uav/midware/data/config/P3/CmdSet.java,1929,0,0
1.21.10,10,511,Other,511,,[],.scratch/dji-fly-fc-audit-20260903/v1.21.10/jadx/sources/uav/midware/data/config/P3/CmdSet.java,1930,1,0
1.21.10,11,1,GetPushConnectHeartPacket,1,DataSimulatorGetPushConnectHeartPacket,"[""false"",""DataSimulatorGetPushConnectHeartPacket.class""]",.scratch/dji-fly-fc-audit-20260903/v1.21.10/jadx/sources/uav/midware/data/config/P3/CmdSet.java,2026,0,0
1.21.10,11,2,RequestMainControllerParams,2,,[],.scratch/dji-fly-fc-audit-20260903/v1.21.10/jadx/sources/uav/midware/data/config/P3/CmdSet.java,2027,0,0
1.21.10,11,3,GetPushMainControllerReturnParams,3,DataSimulatorGetPushMainControllerReturnParams,"[""false"",""DataSimulatorGetPushMainControllerReturnParams.class""]",.scratch/dji-fly-fc-audit-20260903/v1.21.10/jadx/sources/uav/midware/data/config/P3/CmdSet.java,2028,0,0
1.21.10,11,4,SimulateFlightCommend,4,,[],.scratch/dji-fly-fc-audit-20260903/v1.21.10/jadx/sources/uav/midware/data/config/P3/CmdSet.java,2029,0,0
1.21.10,11,6,GetPushFlightStatusParams,6,DataSimulatorGetPushFlightStatusParams,"[""false"",""DataSimulatorGetPushFlightStatusParams.class""]",.scratch/dji-fly-fc-audit-20260903/v1.21.10/jadx/sources/uav/midware/data/config/P3/CmdSet.java,2030,0,0
1.21.10,11,7,SetGetWind,7,DataSimulatorSetGetWind,"[""false"",""DataSimulatorSetGetWind.class""]",.scratch/dji-fly-fc-audit-20260903/v1.21.10/jadx/sources/uav/midware/data/config/P3/CmdSet.java,2031,0,0
1.21.10,11,8,SetGetArea,8,,[],.scratch/dji-fly-fc-audit-20260903/v1.21.10/jadx/sources/uav/midware/data/config/P3/CmdSet.java,2032,0,0
1.21.10,11,9,SetGetAirParams,9,,[],.scratch/dji-fly-fc-audit-20260903/v1.21.10/jadx/sources/uav/midware/data/config/P3/CmdSet.java,2033,0,0
1.21.10,11,10,ForceMoment,10,,[],.scratch/dji-fly-fc-audit-20260903/v1.21.10/jadx/sources/uav/midware/data/config/P3/CmdSet.java,2034,0,0
1.21.10,11,11,SetGetTemperature,11,,[],.scratch/dji-fly-fc-audit-20260903/v1.21.10/jadx/sources/uav/midware/data/config/P3/CmdSet.java,2035,0,0
1.21.10,11,12,SetGetGravity,12,,[],.scratch/dji-fly-fc-audit-20260903/v1.21.10/jadx/sources/uav/midware/data/config/P3/CmdSet.java,2036,0,0
1.21.10,11,13,CrashShutDown,13,,[],.scratch/dji-fly-fc-audit-20260903/v1.21.10/jadx/sources/uav/midware/data/config/P3/CmdSet.java,2037,0,0
1.21.10,11,14,CtrlMotor,14,,[],.scratch/dji-fly-fc-audit-20260903/v1.21.10/jadx/sources/uav/midware/data/config/P3/CmdSet.java,2038,0,0
1.21.10,11,15,Momentum,15,,[],.scratch/dji-fly-fc-audit-20260903/v1.21.10/jadx/sources/uav/midware/data/config/P3/CmdSet.java,2039,0,0
1.21.10,11,16,SetGetArmLength,16,,[],.scratch/dji-fly-fc-audit-20260903/v1.21.10/jadx/sources/uav/midware/data/config/P3/CmdSet.java,2040,0,0
1.21.10,11,17,SetGetMassInertia,17,,[],.scratch/dji-fly-fc-audit-20260903/v1.21.10/jadx/sources/uav/midware/data/config/P3/CmdSet.java,2041,0,0
1.21.10,11,18,SetGetMotorSetting,18,,[],.scratch/dji-fly-fc-audit-20260903/v1.21.10/jadx/sources/uav/midware/data/config/P3/CmdSet.java,2042,0,0
1.21.10,11,19,SetGetBatterySetting,19,,[],.scratch/dji-fly-fc-audit-20260903/v1.21.10/jadx/sources/uav/midware/data/config/P3/CmdSet.java,2043,0,0
1.21.10,11,20,GetFrequency,20,,[],.scratch/dji-fly-fc-audit-20260903/v1.21.10/jadx/sources/uav/midware/data/config/P3/CmdSet.java,2044,0,0
1.21.10,11,255,ResetAll,255,,[],.scratch/dji-fly-fc-audit-20260903/v1.21.10/jadx/sources/uav/midware/data/config/P3/CmdSet.java,2045,0,0
1.21.10,11,511,Other,511,,[],.scratch/dji-fly-fc-audit-20260903/v1.21.10/jadx/sources/uav/midware/data/config/P3/CmdSet.java,2046,1,0
1.21.10,13,1,GetStaticData,1,,[],.scratch/dji-fly-fc-audit-20260903/v1.21.10/jadx/sources/uav/midware/data/config/P3/CmdSet.java,2145,0,0
1.21.10,13,2,GetPushDynamicData,2,DataSmartBatteryGetPushDynamicData,"[""false"",""true"",""DataSmartBatteryGetPushDynamicData.class""]",.scratch/dji-fly-fc-audit-20260903/v1.21.10/jadx/sources/uav/midware/data/config/P3/CmdSet.java,2146,0,0
1.21.10,13,3,GetPushCellVoltage,3,DataSmartBatteryGetPushCellVoltage,"[""false"",""true"",""DataSmartBatteryGetPushCellVoltage.class""]",.scratch/dji-fly-fc-audit-20260903/v1.21.10/jadx/sources/uav/midware/data/config/P3/CmdSet.java,2147,0,0
1.21.10,13,4,GetBarCode,4,,[],.scratch/dji-fly-fc-audit-20260903/v1.21.10/jadx/sources/uav/midware/data/config/P3/CmdSet.java,2148,0,0
1.21.10,13,5,GetHistory,5,,[],.scratch/dji-fly-fc-audit-20260903/v1.21.10/jadx/sources/uav/midware/data/config/P3/CmdSet.java,2149,0,0
1.21.10,13,17,GetSetSelfDischargeDays,17,,[],.scratch/dji-fly-fc-audit-20260903/v1.21.10/jadx/sources/uav/midware/data/config/P3/CmdSet.java,2150,0,0
1.21.10,13,18,ShutDown,18,,[],.scratch/dji-fly-fc-audit-20260903/v1.21.10/jadx/sources/uav/midware/data/config/P3/CmdSet.java,2151,0,0
1.21.10,13,19,ForceShutDown,19,,[],.scratch/dji-fly-fc-audit-20260903/v1.21.10/jadx/sources/uav/midware/data/config/P3/CmdSet.java,2152,0,0
1.21.10,13,20,StartUp,20,,[],.scratch/dji-fly-fc-audit-20260903/v1.21.10/jadx/sources/uav/midware/data/config/P3/CmdSet.java,2153,0,0
1.21.10,13,21,GetPair,21,,[],.scratch/dji-fly-fc-audit-20260903/v1.21.10/jadx/sources/uav/midware/data/config/P3/CmdSet.java,2154,0,0
1.21.10,13,22,SetPair,22,,[],.scratch/dji-fly-fc-audit-20260903/v1.21.10/jadx/sources/uav/midware/data/config/P3/CmdSet.java,2155,0,0
1.21.10,13,34,DataRecordControl,34,,[],.scratch/dji-fly-fc-audit-20260903/v1.21.10/jadx/sources/uav/midware/data/config/P3/CmdSet.java,2156,0,0
1.21.10,13,35,Authentication,35,,[],.scratch/dji-fly-fc-audit-20260903/v1.21.10/jadx/sources/uav/midware/data/config/P3/CmdSet.java,2157,0,0
1.21.10,13,49,GetPushReArrangement,49,DataSmartBatteryGetPushReArrangement,"[""false"",""false"",""DataSmartBatteryGetPushReArrangement.class""]",.scratch/dji-fly-fc-audit-20260903/v1.21.10/jadx/sources/uav/midware/data/config/P3/CmdSet.java,2158,0,0
1.21.10,13,50,GetMultBatteryInfo,50,,[],.scratch/dji-fly-fc-audit-20260903/v1.21.10/jadx/sources/uav/midware/data/config/P3/CmdSet.java,2159,0,0
1.21.10,13,213,SelfHeatingControl,213,,[],.scratch/dji-fly-fc-audit-20260903/v1.21.10/jadx/sources/uav/midware/data/config/P3/CmdSet.java,2160,0,0
1.21.10,13,511,Other,511,,[],.scratch/dji-fly-fc-audit-20260903/v1.21.10/jadx/sources/uav/midware/data/config/P3/CmdSet.java,2161,1,0
1.21.10,15,9,PushStatus,9,DataCenterRTKPushStatus,"[""false"",""false"",""DataCenterRTKPushStatus.class""]",.scratch/dji-fly-fc-audit-20260903/v1.21.10/jadx/sources/uav/midware/data/config/P3/CmdSet.java,2574,0,0
1.21.10,15,16,PushGpsSnrDataAnt1,16,DataRTKPushGpsSnrAnt1,"[""false"",""false"",""DataRTKPushGpsSnrAnt1.class""]",.scratch/dji-fly-fc-audit-20260903/v1.21.10/jadx/sources/uav/midware/data/config/P3/CmdSet.java,2575,0,0
1.21.10,15,17,PushGlonassSnrDataAnt1,17,DataRTKPushGlonassSnrAnt1,"[""false"",""false"",""DataRTKPushGlonassSnrAnt1.class""]",.scratch/dji-fly-fc-audit-20260903/v1.21.10/jadx/sources/uav/midware/data/config/P3/CmdSet.java,2576,0,0
1.21.10,15,18,PushBeidouSnrDataAnt1,18,DataRTKPushBeidouSnrAnt1,"[""false"",""false"",""DataRTKPushBeidouSnrAnt1.class""]",.scratch/dji-fly-fc-audit-20260903/v1.21.10/jadx/sources/uav/midware/data/config/P3/CmdSet.java,2577,0,0
1.21.10,15,26,PushGaleoSnrAnt1,26,DataRTKPushGalileoSnrAnt1,"[""false"",""false"",""DataRTKPushGalileoSnrAnt1.class""]",.scratch/dji-fly-fc-audit-20260903/v1.21.10/jadx/sources/uav/midware/data/config/P3/CmdSet.java,2578,0,0
1.21.10,15,19,PushGpsSnrDataAnt2,19,DataRTKPushGpsSnrAnt2,"[""false"",""false"",""DataRTKPushGpsSnrAnt2.class""]",.scratch/dji-fly-fc-audit-20260903/v1.21.10/jadx/sources/uav/midware/data/config/P3/CmdSet.java,2579,0,0
1.21.10,15,20,PushGlonassSnrDataAnt2,20,DataRTKPushGlonassSnrAnt2,"[""false"",""false"",""DataRTKPushGlonassSnrAnt2.class""]",.scratch/dji-fly-fc-audit-20260903/v1.21.10/jadx/sources/uav/midware/data/config/P3/CmdSet.java,2580,0,0
1.21.10,15,21,PushBeidouSnrDataAnt2,21,DataRTKPushBeidouSnrAnt2,"[""false"",""false"",""DataRTKPushBeidouSnrAnt2.class""]",.scratch/dji-fly-fc-audit-20260903/v1.21.10/jadx/sources/uav/midware/data/config/P3/CmdSet.java,2581,0,0
1.21.10,15,27,PushGaleoSnrAnt2,27,DataRTKPushGalileoSnrAnt2,"[""false"",""false"",""DataRTKPushGalileoSnrAnt2.class""]",.scratch/dji-fly-fc-audit-20260903/v1.21.10/jadx/sources/uav/midware/data/config/P3/CmdSet.java,2582,0,0
1.21.10,15,22,PushGpsSnrDataAntB,22,DataRTKPushGpsSnrAntB,"[""false"",""false"",""DataRTKPushGpsSnrAntB.class""]",.scratch/dji-fly-fc-audit-20260903/v1.21.10/jadx/sources/uav/midware/data/config/P3/CmdSet.java,2583,0,0
1.21.10,15,23,PushGlonassSnrDataAntB,23,DataRTKPushGlonassSnrAntB,"[""false"",""false"",""DataRTKPushGlonassSnrAntB.class""]",.scratch/dji-fly-fc-audit-20260903/v1.21.10/jadx/sources/uav/midware/data/config/P3/CmdSet.java,2584,0,0
1.21.10,15,24,PushBeidouSnrDataAntB,24,DataRTKPushBeidouSnrAntB,"[""false"",""false"",""DataRTKPushBeidouSnrAntB.class""]",.scratch/dji-fly-fc-audit-20260903/v1.21.10/jadx/sources/uav/midware/data/config/P3/CmdSet.java,2585,0,0
1.21.10,15,28,PushGaleoSnrAntB,28,DataRTKPushGalileoSnrAntB,"[""false"",""false"",""DataRTKPushGalileoSnrAntB.class""]",.scratch/dji-fly-fc-audit-20260903/v1.21.10/jadx/sources/uav/midware/data/config/P3/CmdSet.java,2586,0,0
1.21.10,15,251,RTKSnrGetEnable,251,,[],.scratch/dji-fly-fc-audit-20260903/v1.21.10/jadx/sources/uav/midware/data/config/P3/CmdSet.java,2587,0,0
1.21.10,15,252,RTKSnrSetEnable,252,,[],.scratch/dji-fly-fc-audit-20260903/v1.21.10/jadx/sources/uav/midware/data/config/P3/CmdSet.java,2588,0,0
1.21.10,15,244,SetMultiParam,IjkMediaMeta.FF_PROFILE_H264_HIGH_444_PREDICTIVE,,[],.scratch/dji-fly-fc-audit-20260903/v1.21.10/jadx/sources/uav/midware/data/config/P3/CmdSet.java,2589,0,0
1.21.10,15,245,GetMultiParam,245,,[],.scratch/dji-fly-fc-audit-20260903/v1.21.10/jadx/sources/uav/midware/data/config/P3/CmdSet.java,2590,0,0
1.21.10,15,41,NrtkDataTransfer,41,,[],.scratch/dji-fly-fc-audit-20260903/v1.21.10/jadx/sources/uav/midware/data/config/P3/CmdSet.java,2591,0,0
1.21.10,15,52,InitNRTK,52,,[],.scratch/dji-fly-fc-audit-20260903/v1.21.10/jadx/sources/uav/midware/data/config/P3/CmdSet.java,2592,0,0
1.21.10,15,53,setRTKType,53,,[],.scratch/dji-fly-fc-audit-20260903/v1.21.10/jadx/sources/uav/midware/data/config/P3/CmdSet.java,2593,0,0
1.21.10,15,54,SendNRTKGGA,54,,[],.scratch/dji-fly-fc-audit-20260903/v1.21.10/jadx/sources/uav/midware/data/config/P3/CmdSet.java,2594,0,0
1.21.10,15,55,GetPushNRTKData,55,DataRTKGetPushStateInfo,"[""false"",""false"",""DataRTKGetPushStateInfo.class""]",.scratch/dji-fly-fc-audit-20260903/v1.21.10/jadx/sources/uav/midware/data/config/P3/CmdSet.java,2595,0,0
1.21.10,15,56,NRTKActivate,56,,[],.scratch/dji-fly-fc-audit-20260903/v1.21.10/jadx/sources/uav/midware/data/config/P3/CmdSet.java,2596,0,0
1.21.10,15,61,GetReferenceStationSource,61,DataRTKGetReferenceStationSource,"[""false"",""false"",""DataRTKGetReferenceStationSource.class""]",.scratch/dji-fly-fc-audit-20260903/v1.21.10/jadx/sources/uav/midware/data/config/P3/CmdSet.java,2597,0,0
1.21.10,15,511,Other,511,,[],.scratch/dji-fly-fc-audit-20260903/v1.21.10/jadx/sources/uav/midware/data/config/P3/CmdSet.java,2598,1,0
1.21.10,17,16,SendWhiteList,16,,[],.scratch/dji-fly-fc-audit-20260903/v1.21.10/jadx/sources/uav/midware/data/config/P3/CmdSet.java,2259,0,0
1.21.10,17,17,RequestLicense,17,,[],.scratch/dji-fly-fc-audit-20260903/v1.21.10/jadx/sources/uav/midware/data/config/P3/CmdSet.java,2260,0,0
1.21.10,17,18,SetLicenseEnabled,18,,[],.scratch/dji-fly-fc-audit-20260903/v1.21.10/jadx/sources/uav/midware/data/config/P3/CmdSet.java,2261,0,0
1.21.10,17,19,GetLicenseId,19,,[],.scratch/dji-fly-fc-audit-20260903/v1.21.10/jadx/sources/uav/midware/data/config/P3/CmdSet.java,2262,0,0
1.21.10,17,20,GetPushUnlockInfo,20,DataADSBGetPushUnlockInfo,"[""false"",""DataADSBGetPushUnlockInfo.class""]",.scratch/dji-fly-fc-audit-20260903/v1.21.10/jadx/sources/uav/midware/data/config/P3/CmdSet.java,2263,0,0
1.21.10,17,21,SetUserId,21,,[],.scratch/dji-fly-fc-audit-20260903/v1.21.10/jadx/sources/uav/midware/data/config/P3/CmdSet.java,2264,0,0
1.21.10,17,22,GetKeyVersion,22,,[],.scratch/dji-fly-fc-audit-20260903/v1.21.10/jadx/sources/uav/midware/data/config/P3/CmdSet.java,2265,0,0
1.21.10,17,511,Other,511,,[],.scratch/dji-fly-fc-audit-20260903/v1.21.10/jadx/sources/uav/midware/data/config/P3/CmdSet.java,2266,1,0
1.21.10,21,5,ParamPush,5,DataGlassPushParam,"[""false"",""true"",""DataGlassPushParam.class""]",.scratch/dji-fly-fc-audit-20260903/v1.21.10/jadx/sources/uav/midware/data/config/P3/CmdSet.java,2360,0,0
1.21.10,21,511,Other,511,,[],.scratch/dji-fly-fc-audit-20260903/v1.21.10/jadx/sources/uav/midware/data/config/P3/CmdSet.java,2361,1,0
1.21.10,24,1,Open4GVideoCamera,1,,[],.scratch/dji-fly-fc-audit-20260903/v1.21.10/jadx/sources/uav/midware/data/config/P3/CmdSet.java,2696,0,0
1.21.10,24,2,Close4GVideoCamera,2,,[],.scratch/dji-fly-fc-audit-20260903/v1.21.10/jadx/sources/uav/midware/data/config/P3/CmdSet.java,2697,0,0
1.21.10,24,20,Get4GCardStatus,20,,[],.scratch/dji-fly-fc-audit-20260903/v1.21.10/jadx/sources/uav/midware/data/config/P3/CmdSet.java,2698,0,0
1.21.10,24,21,SetNetAPN,21,,[],.scratch/dji-fly-fc-audit-20260903/v1.21.10/jadx/sources/uav/midware/data/config/P3/CmdSet.java,2699,0,0
1.21.10,24,22,GetPushSignalData,22,DataModule4GGetPushSignal,"[""false"",""false"",""DataModule4GGetPushSignal.class""]",.scratch/dji-fly-fc-audit-20260903/v1.21.10/jadx/sources/uav/midware/data/config/P3/CmdSet.java,2700,0,0
1.21.10,24,23,GetPush4GOperatorData,23,DataModule4GGetPushOperator,"[""false"",""false"",""DataModule4GGetPushOperator.class""]",.scratch/dji-fly-fc-audit-20260903/v1.21.10/jadx/sources/uav/midware/data/config/P3/CmdSet.java,2701,0,0
1.21.10,24,24,Get4GNetRTT,24,,[],.scratch/dji-fly-fc-audit-20260903/v1.21.10/jadx/sources/uav/midware/data/config/P3/CmdSet.java,2702,0,0
1.21.10,24,25,Get4GCardInfo,25,,[],.scratch/dji-fly-fc-audit-20260903/v1.21.10/jadx/sources/uav/midware/data/config/P3/CmdSet.java,2703,0,0
1.21.10,24,33,DebugATCmd,33,,[],.scratch/dji-fly-fc-audit-20260903/v1.21.10/jadx/sources/uav/midware/data/config/P3/CmdSet.java,2704,0,0
1.21.10,24,511,Other,511,,[],.scratch/dji-fly-fc-audit-20260903/v1.21.10/jadx/sources/uav/midware/data/config/P3/CmdSet.java,2705,1,0
1.21.10,25,1,setExternalIO,1,,[],.scratch/dji-fly-fc-audit-20260903/v1.21.10/jadx/sources/uav/midware/data/config/P3/CmdSet.java,2803,0,0
1.21.10,25,2,setPowerInf,2,,[],.scratch/dji-fly-fc-audit-20260903/v1.21.10/jadx/sources/uav/midware/data/config/P3/CmdSet.java,2804,0,0
1.21.10,25,3,setOsdkEnabled,3,,[],.scratch/dji-fly-fc-audit-20260903/v1.21.10/jadx/sources/uav/midware/data/config/P3/CmdSet.java,2805,0,0
1.21.10,25,12,setPPSEnabled,12,,[],.scratch/dji-fly-fc-audit-20260903/v1.21.10/jadx/sources/uav/midware/data/config/P3/CmdSet.java,2806,0,0
1.21.10,25,33,setVisionEnabled,33,,[],.scratch/dji-fly-fc-audit-20260903/v1.21.10/jadx/sources/uav/midware/data/config/P3/CmdSet.java,2807,0,0
1.21.10,25,5,setMappedGimbal,5,,[],.scratch/dji-fly-fc-audit-20260903/v1.21.10/jadx/sources/uav/midware/data/config/P3/CmdSet.java,2808,0,0
1.21.10,25,6,getMappedGimbal,6,DataOnboardGetPushMixInfo,"[""false"",""DataOnboardGetPushMixInfo.class""]",.scratch/dji-fly-fc-audit-20260903/v1.21.10/jadx/sources/uav/midware/data/config/P3/CmdSet.java,2809,0,0
1.21.10,25,7,activateControlGimbalSimultanously,7,,[],.scratch/dji-fly-fc-audit-20260903/v1.21.10/jadx/sources/uav/midware/data/config/P3/CmdSet.java,2810,0,0
1.21.10,25,15,getPushDualGimbals,15,DataOnboardGetPushDualGimbals,"[""false"",""DataOnboardGetPushDualGimbals.class""]",.scratch/dji-fly-fc-audit-20260903/v1.21.10/jadx/sources/uav/midware/data/config/P3/CmdSet.java,2811,0,0
1.21.10,25,16,getPushAccessoryInfo,16,DataOnBoardSDKGetPushAccessoryInfo,"[""false"",""DataOnBoardSDKGetPushAccessoryInfo.class""]",.scratch/dji-fly-fc-audit-20260903/v1.21.10/jadx/sources/uav/midware/data/config/P3/CmdSet.java,2812,0,0
1.21.10,25,18,setAccessoryCommonParams,18,,[],.scratch/dji-fly-fc-audit-20260903/v1.21.10/jadx/sources/uav/midware/data/config/P3/CmdSet.java,2813,0,0
1.21.10,25,224,totalLinkDebug,224,DataOnBoardSDKGetPushPingData,"[""false"",""DataOnBoardSDKGetPushPingData.class""]",.scratch/dji-fly-fc-audit-20260903/v1.21.10/jadx/sources/uav/midware/data/config/P3/CmdSet.java,2814,0,0
1.21.10,25,225,startLinkDebug,225,,[],.scratch/dji-fly-fc-audit-20260903/v1.21.10/jadx/sources/uav/midware/data/config/P3/CmdSet.java,2815,0,0
1.21.10,25,226,stopLinkDebug,226,,[],.scratch/dji-fly-fc-audit-20260903/v1.21.10/jadx/sources/uav/midware/data/config/P3/CmdSet.java,2816,0,0
1.21.10,25,511,Other,511,,[],.scratch/dji-fly-fc-audit-20260903/v1.21.10/jadx/sources/uav/midware/data/config/P3/CmdSet.java,2817,1,0
1.21.10,31,1,SetVFenceData,1,,[],.scratch/dji-fly-fc-audit-20260903/v1.21.10/jadx/sources/uav/midware/data/config/P3/CmdSet.java,2472,0,0
1.21.10,31,2,SetVFenceEnabled,2,,[],.scratch/dji-fly-fc-audit-20260903/v1.21.10/jadx/sources/uav/midware/data/config/P3/CmdSet.java,2473,0,0
1.21.10,31,3,DeleteVFenceData,3,,[],.scratch/dji-fly-fc-audit-20260903/v1.21.10/jadx/sources/uav/midware/data/config/P3/CmdSet.java,2474,0,0
1.21.10,31,4,GetVFenceData,4,,[],.scratch/dji-fly-fc-audit-20260903/v1.21.10/jadx/sources/uav/midware/data/config/P3/CmdSet.java,2475,0,0
1.21.10,31,511,Other,511,,[],.scratch/dji-fly-fc-audit-20260903/v1.21.10/jadx/sources/uav/midware/data/config/P3/CmdSet.java,2476,1,0
1.21.10,32,3,GetPushStateInfo,3,DataNarrowBandGetPushStateInfo,"[""false"",""DataNarrowBandGetPushStateInfo.class""]",.scratch/dji-fly-fc-audit-20260903/v1.21.10/jadx/sources/uav/midware/data/config/P3/CmdSet.java,2917,0,0
1.21.10,32,4,GetPushDeviceList,4,DataNarrowBandGetPushDeviceList,"[""false"",""DataNarrowBandGetPushDeviceList.class""]",.scratch/dji-fly-fc-audit-20260903/v1.21.10/jadx/sources/uav/midware/data/config/P3/CmdSet.java,2918,0,0
1.21.10,32,10,ExchangeMode,10,DataNarrowBandExchangeMode,"[""false"",""true"",""DataNarrowBandExchangeMode.class""]",.scratch/dji-fly-fc-audit-20260903/v1.21.10/jadx/sources/uav/midware/data/config/P3/CmdSet.java,2919,0,0
1.21.10,32,13,BaseInfoConfig,13,DataNarrowBandBaseInfoConfig,"[""false"",""true"",""DataNarrowBandBaseInfoConfig.class""]",.scratch/dji-fly-fc-audit-20260903/v1.21.10/jadx/sources/uav/midware/data/config/P3/CmdSet.java,2920,0,0
1.21.10,32,511,Other,511,,[],.scratch/dji-fly-fc-audit-20260903/v1.21.10/jadx/sources/uav/midware/data/config/P3/CmdSet.java,2921,1,0
1.21.10,34,29,GetWaypointInfo,29,,[],.scratch/dji-fly-fc-audit-20260903/v1.21.10/jadx/sources/uav/midware/data/config/P3/CmdSet.java,3032,0,0
1.21.10,34,48,RequestSalesStrategy,48,,[],.scratch/dji-fly-fc-audit-20260903/v1.21.10/jadx/sources/uav/midware/data/config/P3/CmdSet.java,3033,0,0
1.21.10,34,20,MASS_CENTER_CALI_STATUS,20,DataFlycGetPushMassCenterCaliStatus,"[""false"",""DataFlycGetPushMassCenterCaliStatus.class""]",.scratch/dji-fly-fc-audit-20260903/v1.21.10/jadx/sources/uav/midware/data/config/P3/CmdSet.java,3034,0,0
1.21.10,34,72,GetAutoFlyShowFwType,72,,[],.scratch/dji-fly-fc-audit-20260903/v1.21.10/jadx/sources/uav/midware/data/config/P3/CmdSet.java,3035,0,0
1.21.10,34,96,GetSetShowFwDisplayMode,96,,[],.scratch/dji-fly-fc-audit-20260903/v1.21.10/jadx/sources/uav/midware/data/config/P3/CmdSet.java,3036,0,0
1.21.10,34,97,GetPushShowFwData,97,DataFlyc2GetPushShowFwData,"[""false"",""DataFlyc2GetPushShowFwData.class""]",.scratch/dji-fly-fc-audit-20260903/v1.21.10/jadx/sources/uav/midware/data/config/P3/CmdSet.java,3037,0,0
1.21.10,34,10,RTK_ABNORMAL_STATUS,10,DataFlyc2GetPushRtkAbnormalStatus,"[""false"",""DataFlyc2GetPushRtkAbnormalStatus.class""]",.scratch/dji-fly-fc-audit-20260903/v1.21.10/jadx/sources/uav/midware/data/config/P3/CmdSet.java,3038,0,0
1.21.10,34,511,Other,511,,[],.scratch/dji-fly-fc-audit-20260903/v1.21.10/jadx/sources/uav/midware/data/config/P3/CmdSet.java,3039,1,0
1.21.10,35,4,PUSH_TRACK_INFO_TO_NAVI,4,,[],.scratch/dji-fly-fc-audit-20260903/v1.21.10/jadx/sources/uav/midware/data/config/P3/CmdSet.java,3159,0,0
1.21.10,35,511,Other,511,,[],.scratch/dji-fly-fc-audit-20260903/v1.21.10/jadx/sources/uav/midware/data/config/P3/CmdSet.java,3160,1,0
1.21.10,36,8,PushBirdViewDistance,8,DataPerceptionPushBirdViewDistanceStatus,"[""false"",""false"",""DataPerceptionPushBirdViewDistanceStatus.class""]",.scratch/dji-fly-fc-audit-20260903/v1.21.10/jadx/sources/uav/midware/data/config/P3/CmdSet.java,3280,0,0
1.21.10,36,9,PushOaStatus,9,DataPerceptionPushOaStatus,"[""false"",""false"",""DataPerceptionPushOaStatus.class""]",.scratch/dji-fly-fc-audit-20260903/v1.21.10/jadx/sources/uav/midware/data/config/P3/CmdSet.java,3281,0,0
1.21.10,36,511,Other,511,,[],.scratch/dji-fly-fc-audit-20260903/v1.21.10/jadx/sources/uav/midware/data/config/P3/CmdSet.java,3282,1,0
1.21.10,60,16,payLoadStatus,16,DataGetPushPayloadStatus,"[""false"",""DataGetPushPayloadStatus.class""]",.scratch/dji-fly-fc-audit-20260903/v1.21.10/jadx/sources/uav/midware/data/config/P3/CmdSet.java,3380,0,0
1.21.10,60,33,payLoadWidgetProperty,33,DataGetPushPayloadWidgetProperty,"[""false"",""DataGetPushPayloadWidgetProperty.class""]",.scratch/dji-fly-fc-audit-20260903/v1.21.10/jadx/sources/uav/midware/data/config/P3/CmdSet.java,3381,0,0
1.21.10,60,27,payLoadWidgetStatus,27,DataGetPushPayloadWidgetStatus,"[""false"",""DataGetPushPayloadWidgetStatus.class""]",.scratch/dji-fly-fc-audit-20260903/v1.21.10/jadx/sources/uav/midware/data/config/P3/CmdSet.java,3382,0,0
1.21.10,60,26,setValueForPayLoadWidget,26,,[],.scratch/dji-fly-fc-audit-20260903/v1.21.10/jadx/sources/uav/midware/data/config/P3/CmdSet.java,3383,0,0
1.21.10,60,32,turnOnOrOffPush,32,,[],.scratch/dji-fly-fc-audit-20260903/v1.21.10/jadx/sources/uav/midware/data/config/P3/CmdSet.java,3384,0,0
1.21.10,60,25,sendDataToPayLoad,25,,[],.scratch/dji-fly-fc-audit-20260903/v1.21.10/jadx/sources/uav/midware/data/config/P3/CmdSet.java,3385,0,0
1.21.10,60,24,getDataFromPayLoad,24,DataGetPushDataFromPayload,"[""false"",""DataGetPushDataFromPayload.class""]",.scratch/dji-fly-fc-audit-20260903/v1.21.10/jadx/sources/uav/midware/data/config/P3/CmdSet.java,3386,0,0
1.21.10,60,31,floatHintMsg,31,DataGetPushFloatHintMsgFromPayload,"[""false"",""DataGetPushFloatHintMsgFromPayload.class""]",.scratch/dji-fly-fc-audit-20260903/v1.21.10/jadx/sources/uav/midware/data/config/P3/CmdSet.java,3387,0,0
1.21.10,60,34,getFeatureofCamera,34,,[],.scratch/dji-fly-fc-audit-20260903/v1.21.10/jadx/sources/uav/midware/data/config/P3/CmdSet.java,3388,0,0
1.21.10,60,36,getUploadLimit,36,,[],.scratch/dji-fly-fc-audit-20260903/v1.21.10/jadx/sources/uav/midware/data/config/P3/CmdSet.java,3389,0,0
1.21.10,60,37,setUploadRate,37,,[],.scratch/dji-fly-fc-audit-20260903/v1.21.10/jadx/sources/uav/midware/data/config/P3/CmdSet.java,3390,0,0
1.21.10,60,28,syncDateofAppToPayload,28,,[],.scratch/dji-fly-fc-audit-20260903/v1.21.10/jadx/sources/uav/midware/data/config/P3/CmdSet.java,3391,0,0
1.21.10,60,511,Other,511,,[],.scratch/dji-fly-fc-audit-20260903/v1.21.10/jadx/sources/uav/midware/data/config/P3/CmdSet.java,3392,1,0
